AssetStatusID,AssetStatusCode,AssetStatusName,Description
1,ACTIVE,Active,"Asset is currently covered or eligible for coverage under an in-force policy."
2,PENDING_VERIFICATION,Pending Verification,"Asset has been submitted but still requires verification before coverage is finalized."
3,INACTIVE,Inactive,"Asset is retained for history but is not currently active for policy processing."
4,SUSPENDED,Suspended,"Asset coverage or processing is temporarily suspended pending resolution."
5,UNDER_REPAIR,Under Repair,"Asset is being repaired and may require updated valuation or inspection."
6,TOTAL_LOSS,Total Loss,"Asset has been declared a total loss and is no longer eligible for normal active coverage."
7,SOLD_TRANSFERRED,Sold or Transferred,"Asset has been sold, transferred, or otherwise removed from the insured exposure."
8,RETIRED,Retired,"Asset has been retired from operational use and is retained for historical reference."
9,REMOVED,Removed,"Asset was removed from the policy or application before the current coverage period."
