BasementTypeID,BasementTypeCode,BasementTypeName,Description
1,NONE,No Basement,"Property has no basement or below-grade usable space."
2,SLAB,Slab Foundation,"Structure is built on a slab foundation without basement space."
3,CRAWL_SPACE,Crawl Space,"Property has a crawl space beneath the main floor area."
4,PARTIAL,Partial Basement,"Property has a basement under only part of the structure."
5,FULL,Full Basement,"Property has a basement extending under substantially all of the structure."
6,WALKOUT,Walkout Basement,"Basement includes an exterior walkout entrance at grade level."
7,FINISHED,Finished Basement,"Basement is finished for living, business, or regular occupancy use."
8,UNFINISHED,Unfinished Basement,"Basement is unfinished and used mainly for storage, utilities, or access."
9,DAYLIGHT,Daylight Basement,"Basement has above-grade windows or exposure on at least one side."
