InsurancePlanID,PlanCode,PlanName,PlanVersion,EffectiveFrom,EffectiveTo,PlanStatus,FilingReference,FID_InsuranceType,Description
PL001,AUTO-COMM-LIAB-STD,Commercial Auto Liability Standard Plan,1.0,"Jan 01, 2020",,ACTIVE,FIL-AUTO-COMM-LIAB-STD,IT001,"Standard plan for Commercial Auto Liability with core limits, standard deductibles, and default underwriting rules."
PL002,AUTO-COMM-LIAB-ENH,Commercial Auto Liability Enhanced Plan,1.0,"Jan 01, 2020",,ACTIVE,FIL-AUTO-COMM-LIAB-ENH,IT001,"Enhanced plan for Commercial Auto Liability with higher limits, expanded options, and broader underwriting flexibility."
PL003,AUTO-COMM-PD-STD,Commercial Auto Physical Damage Standard Plan,1.0,"Jan 01, 2020",,ACTIVE,FIL-AUTO-COMM-PD-STD,IT002,"Standard plan for Commercial Auto Physical Damage with core limits, standard deductibles, and default underwriting rules."
PL004,AUTO-COMM-PD-ENH,Commercial Auto Physical Damage Enhanced Plan,1.0,"Jan 01, 2020",,ACTIVE,FIL-AUTO-COMM-PD-ENH,IT002,"Enhanced plan for Commercial Auto Physical Damage with higher limits, expanded options, and broader underwriting flexibility."
PL005,AUTO-FLEET-LIAB-STD,Fleet Liability Standard Plan,1.0,"Jan 01, 2020",,ACTIVE,FIL-AUTO-FLEET-LIAB-STD,IT003,"Standard plan for Fleet Liability with core limits, standard deductibles, and default underwriting rules."
PL006,AUTO-FLEET-LIAB-ENH,Fleet Liability Enhanced Plan,1.0,"Jan 01, 2020",,ACTIVE,FIL-AUTO-FLEET-LIAB-ENH,IT003,"Enhanced plan for Fleet Liability with higher limits, expanded options, and broader underwriting flexibility."
PL007,AUTO-FLEET-PD-STD,Fleet Physical Damage Standard Plan,1.0,"Jan 01, 2020",,ACTIVE,FIL-AUTO-FLEET-PD-STD,IT004,"Standard plan for Fleet Physical Damage with core limits, standard deductibles, and default underwriting rules."
PL008,AUTO-FLEET-PD-ENH,Fleet Physical Damage Enhanced Plan,1.0,"Jan 01, 2020",,ACTIVE,FIL-AUTO-FLEET-PD-ENH,IT004,"Enhanced plan for Fleet Physical Damage with higher limits, expanded options, and broader underwriting flexibility."
PL009,AUTO-HNO-LIAB-STD,Hired and Non-Owned Liability Standard Plan,1.0,"Jan 01, 2020",,ACTIVE,FIL-AUTO-HNO-LIAB-STD,IT005,"Standard plan for Hired and Non-Owned Liability with core limits, standard deductibles, and default underwriting rules."
PL010,AUTO-HNO-LIAB-ENH,Hired and Non-Owned Liability Enhanced Plan,1.0,"Jan 01, 2020",,ACTIVE,FIL-AUTO-HNO-LIAB-ENH,IT005,"Enhanced plan for Hired and Non-Owned Liability with higher limits, expanded options, and broader underwriting flexibility."
PL011,AUTO-HNO-EXCESS-STD,Hired and Non-Owned Excess Liability Standard Plan,1.0,"Jan 01, 2020",,ACTIVE,FIL-AUTO-HNO-EXCESS-STD,IT006,"Standard plan for Hired and Non-Owned Excess Liability with core limits, standard deductibles, and default underwriting rules."
PL012,AUTO-HNO-EXCESS-ENH,Hired and Non-Owned Excess Liability Enhanced Plan,1.0,"Jan 01, 2020",,ACTIVE,FIL-AUTO-HNO-EXCESS-ENH,IT006,"Enhanced plan for Hired and Non-Owned Excess Liability with higher limits, expanded options, and broader underwriting flexibility."
PL013,AUTO-TRUCK-LIAB-STD,Trucking Liability Standard Plan,1.0,"Jan 01, 2020",,ACTIVE,FIL-AUTO-TRUCK-LIAB-STD,IT007,"Standard plan for Trucking Liability with core limits, standard deductibles, and default underwriting rules."
PL014,AUTO-TRUCK-LIAB-ENH,Trucking Liability Enhanced Plan,1.0,"Jan 01, 2020",,ACTIVE,FIL-AUTO-TRUCK-LIAB-ENH,IT007,"Enhanced plan for Trucking Liability with higher limits, expanded options, and broader underwriting flexibility."
PL015,AUTO-TRUCK-CARGO-STD,Truckers Cargo Coverage Standard Plan,1.0,"Jan 01, 2020",,ACTIVE,FIL-AUTO-TRUCK-CARGO-STD,IT008,"Standard plan for Truckers Cargo Coverage with core limits, standard deductibles, and default underwriting rules."
PL016,AUTO-TRUCK-CARGO-ENH,Truckers Cargo Coverage Enhanced Plan,1.0,"Jan 01, 2020",,ACTIVE,FIL-AUTO-TRUCK-CARGO-ENH,IT008,"Enhanced plan for Truckers Cargo Coverage with higher limits, expanded options, and broader underwriting flexibility."
PL017,PROP-BLDG-BASIC-STD,Building Basic Perils Standard Plan,1.0,"Jan 01, 2020",,ACTIVE,FIL-PROP-BLDG-BASIC-STD,IT009,"Standard plan for Building Basic Perils with core limits, standard deductibles, and default underwriting rules."
PL018,PROP-BLDG-BASIC-ENH,Building Basic Perils Enhanced Plan,1.0,"Jan 01, 2020",,ACTIVE,FIL-PROP-BLDG-BASIC-ENH,IT009,"Enhanced plan for Building Basic Perils with higher limits, expanded options, and broader underwriting flexibility."
PL019,PROP-BLDG-SPEC-STD,Building Special Perils Standard Plan,1.0,"Jan 01, 2020",,ACTIVE,FIL-PROP-BLDG-SPEC-STD,IT010,"Standard plan for Building Special Perils with core limits, standard deductibles, and default underwriting rules."
PL020,PROP-BLDG-SPEC-ENH,Building Special Perils Enhanced Plan,1.0,"Jan 01, 2020",,ACTIVE,FIL-PROP-BLDG-SPEC-ENH,IT010,"Enhanced plan for Building Special Perils with higher limits, expanded options, and broader underwriting flexibility."
PL021,PROP-BPP-CONT-STD,Business Contents Coverage Standard Plan,1.0,"Jan 01, 2020",,ACTIVE,FIL-PROP-BPP-CONT-STD,IT011,"Standard plan for Business Contents Coverage with core limits, standard deductibles, and default underwriting rules."
PL022,PROP-BPP-CONT-ENH,Business Contents Coverage Enhanced Plan,1.0,"Jan 01, 2020",,ACTIVE,FIL-PROP-BPP-CONT-ENH,IT011,"Enhanced plan for Business Contents Coverage with higher limits, expanded options, and broader underwriting flexibility."
PL023,PROP-BPP-EQUIP-STD,Business Equipment Coverage Standard Plan,1.0,"Jan 01, 2020",,ACTIVE,FIL-PROP-BPP-EQUIP-STD,IT012,"Standard plan for Business Equipment Coverage with core limits, standard deductibles, and default underwriting rules."
PL024,PROP-BPP-EQUIP-ENH,Business Equipment Coverage Enhanced Plan,1.0,"Jan 01, 2020",,ACTIVE,FIL-PROP-BPP-EQUIP-ENH,IT012,"Enhanced plan for Business Equipment Coverage with higher limits, expanded options, and broader underwriting flexibility."
PL025,PROP-BI-INCOME-STD,Business Income Coverage Standard Plan,1.0,"Jan 01, 2020",,ACTIVE,FIL-PROP-BI-INCOME-STD,IT013,"Standard plan for Business Income Coverage with core limits, standard deductibles, and default underwriting rules."
PL026,PROP-BI-INCOME-ENH,Business Income Coverage Enhanced Plan,1.0,"Jan 01, 2020",,ACTIVE,FIL-PROP-BI-INCOME-ENH,IT013,"Enhanced plan for Business Income Coverage with higher limits, expanded options, and broader underwriting flexibility."
PL027,PROP-BI-EXTRA-STD,Extra Expense Coverage Standard Plan,1.0,"Jan 01, 2020",,ACTIVE,FIL-PROP-BI-EXTRA-STD,IT014,"Standard plan for Extra Expense Coverage with core limits, standard deductibles, and default underwriting rules."
PL028,PROP-BI-EXTRA-ENH,Extra Expense Coverage Enhanced Plan,1.0,"Jan 01, 2020",,ACTIVE,FIL-PROP-BI-EXTRA-ENH,IT014,"Enhanced plan for Extra Expense Coverage with higher limits, expanded options, and broader underwriting flexibility."
PL029,PROP-SPEC-ALLRISK-STD,Special Form All Risk Property Standard Plan,1.0,"Jan 01, 2020",,ACTIVE,FIL-PROP-SPEC-ALLRISK-STD,IT015,"Standard plan for Special Form All Risk Property with core limits, standard deductibles, and default underwriting rules."
PL030,PROP-SPEC-ALLRISK-ENH,Special Form All Risk Property Enhanced Plan,1.0,"Jan 01, 2020",,ACTIVE,FIL-PROP-SPEC-ALLRISK-ENH,IT015,"Enhanced plan for Special Form All Risk Property with higher limits, expanded options, and broader underwriting flexibility."
PL031,PROP-SPEC-CAT-STD,Special Form Catastrophe Extension Standard Plan,1.0,"Jan 01, 2020",,ACTIVE,FIL-PROP-SPEC-CAT-STD,IT016,"Standard plan for Special Form Catastrophe Extension with core limits, standard deductibles, and default underwriting rules."
PL032,PROP-SPEC-CAT-ENH,Special Form Catastrophe Extension Enhanced Plan,1.0,"Jan 01, 2020",,ACTIVE,FIL-PROP-SPEC-CAT-ENH,IT016,"Enhanced plan for Special Form Catastrophe Extension with higher limits, expanded options, and broader underwriting flexibility."
PL033,PA-STD-LIAB-STD,Personal Auto Liability Standard Plan,1.0,"Jan 01, 2020",,ACTIVE,FIL-PA-STD-LIAB-STD,IT017,"Standard plan for Personal Auto Liability with core limits, standard deductibles, and default underwriting rules."
PL034,PA-STD-LIAB-ENH,Personal Auto Liability Enhanced Plan,1.0,"Jan 01, 2020",,ACTIVE,FIL-PA-STD-LIAB-ENH,IT017,"Enhanced plan for Personal Auto Liability with higher limits, expanded options, and broader underwriting flexibility."
PL035,PA-STD-PD-STD,Personal Auto Physical Damage Standard Plan,1.0,"Jan 01, 2020",,ACTIVE,FIL-PA-STD-PD-STD,IT018,"Standard plan for Personal Auto Physical Damage with core limits, standard deductibles, and default underwriting rules."
PL036,PA-STD-PD-ENH,Personal Auto Physical Damage Enhanced Plan,1.0,"Jan 01, 2020",,ACTIVE,FIL-PA-STD-PD-ENH,IT018,"Enhanced plan for Personal Auto Physical Damage with higher limits, expanded options, and broader underwriting flexibility."
PL037,PA-PREF-LIAB-STD,Preferred Auto Liability Standard Plan,1.0,"Jan 01, 2020",,ACTIVE,FIL-PA-PREF-LIAB-STD,IT019,"Standard plan for Preferred Auto Liability with core limits, standard deductibles, and default underwriting rules."
PL038,PA-PREF-LIAB-ENH,Preferred Auto Liability Enhanced Plan,1.0,"Jan 01, 2020",,ACTIVE,FIL-PA-PREF-LIAB-ENH,IT019,"Enhanced plan for Preferred Auto Liability with higher limits, expanded options, and broader underwriting flexibility."
PL039,PA-PREF-COMP-STD,Preferred Auto Comprehensive Standard Plan,1.0,"Jan 01, 2020",,ACTIVE,FIL-PA-PREF-COMP-STD,IT020,"Standard plan for Preferred Auto Comprehensive with core limits, standard deductibles, and default underwriting rules."
PL040,PA-PREF-COMP-ENH,Preferred Auto Comprehensive Enhanced Plan,1.0,"Jan 01, 2020",,ACTIVE,FIL-PA-PREF-COMP-ENH,IT020,"Enhanced plan for Preferred Auto Comprehensive with higher limits, expanded options, and broader underwriting flexibility."
PL041,PA-NONSTD-LIAB-STD,Non-Standard Auto Liability Standard Plan,1.0,"Jan 01, 2020",,ACTIVE,FIL-PA-NONSTD-LIAB-STD,IT021,"Standard plan for Non-Standard Auto Liability with core limits, standard deductibles, and default underwriting rules."
PL042,PA-NONSTD-LIAB-ENH,Non-Standard Auto Liability Enhanced Plan,1.0,"Jan 01, 2020",,ACTIVE,FIL-PA-NONSTD-LIAB-ENH,IT021,"Enhanced plan for Non-Standard Auto Liability with higher limits, expanded options, and broader underwriting flexibility."
PL043,PA-NONSTD-SR22-STD,Non-Standard Financial Responsibility Filing Standard Plan,1.0,"Jan 01, 2020",,ACTIVE,FIL-PA-NONSTD-SR22-STD,IT022,"Standard plan for Non-Standard Financial Responsibility Filing with core limits, standard deductibles, and default underwriting rules."
PL044,PA-NONSTD-SR22-ENH,Non-Standard Financial Responsibility Filing Enhanced Plan,1.0,"Jan 01, 2020",,ACTIVE,FIL-PA-NONSTD-SR22-ENH,IT022,"Enhanced plan for Non-Standard Financial Responsibility Filing with higher limits, expanded options, and broader underwriting flexibility."
PL045,PA-MULTI-LIAB-STD,Multi-Vehicle Liability Standard Plan,1.0,"Jan 01, 2020",,ACTIVE,FIL-PA-MULTI-LIAB-STD,IT023,"Standard plan for Multi-Vehicle Liability with core limits, standard deductibles, and default underwriting rules."
PL046,PA-MULTI-LIAB-ENH,Multi-Vehicle Liability Enhanced Plan,1.0,"Jan 01, 2020",,ACTIVE,FIL-PA-MULTI-LIAB-ENH,IT023,"Enhanced plan for Multi-Vehicle Liability with higher limits, expanded options, and broader underwriting flexibility."
PL047,PA-MULTI-PACK-STD,Multi-Vehicle Package Coverage Standard Plan,1.0,"Jan 01, 2020",,ACTIVE,FIL-PA-MULTI-PACK-STD,IT024,"Standard plan for Multi-Vehicle Package Coverage with core limits, standard deductibles, and default underwriting rules."
PL048,PA-MULTI-PACK-ENH,Multi-Vehicle Package Coverage Enhanced Plan,1.0,"Jan 01, 2020",,ACTIVE,FIL-PA-MULTI-PACK-ENH,IT024,"Enhanced plan for Multi-Vehicle Package Coverage with higher limits, expanded options, and broader underwriting flexibility."
PL049,HOME-HO3-DWELL-STD,HO-3 Dwelling Coverage Standard Plan,1.0,"Jan 01, 2020",,ACTIVE,FIL-HOME-HO3-DWELL-STD,IT025,"Standard plan for HO-3 Dwelling Coverage with core limits, standard deductibles, and default underwriting rules."
PL050,HOME-HO3-DWELL-ENH,HO-3 Dwelling Coverage Enhanced Plan,1.0,"Jan 01, 2020",,ACTIVE,FIL-HOME-HO3-DWELL-ENH,IT025,"Enhanced plan for HO-3 Dwelling Coverage with higher limits, expanded options, and broader underwriting flexibility."
PL051,HOME-HO3-LIAB-STD,HO-3 Personal Liability Standard Plan,1.0,"Jan 01, 2020",,ACTIVE,FIL-HOME-HO3-LIAB-STD,IT026,"Standard plan for HO-3 Personal Liability with core limits, standard deductibles, and default underwriting rules."
PL052,HOME-HO3-LIAB-ENH,HO-3 Personal Liability Enhanced Plan,1.0,"Jan 01, 2020",,ACTIVE,FIL-HOME-HO3-LIAB-ENH,IT026,"Enhanced plan for HO-3 Personal Liability with higher limits, expanded options, and broader underwriting flexibility."
PL053,HOME-HO5-DWELL-STD,HO-5 Comprehensive Dwelling Standard Plan,1.0,"Jan 01, 2020",,ACTIVE,FIL-HOME-HO5-DWELL-STD,IT027,"Standard plan for HO-5 Comprehensive Dwelling with core limits, standard deductibles, and default underwriting rules."
PL054,HOME-HO5-DWELL-ENH,HO-5 Comprehensive Dwelling Enhanced Plan,1.0,"Jan 01, 2020",,ACTIVE,FIL-HOME-HO5-DWELL-ENH,IT027,"Enhanced plan for HO-5 Comprehensive Dwelling with higher limits, expanded options, and broader underwriting flexibility."
PL055,HOME-HO5-PROP-STD,HO-5 Personal Property Standard Plan,1.0,"Jan 01, 2020",,ACTIVE,FIL-HOME-HO5-PROP-STD,IT028,"Standard plan for HO-5 Personal Property with core limits, standard deductibles, and default underwriting rules."
PL056,HOME-HO5-PROP-ENH,HO-5 Personal Property Enhanced Plan,1.0,"Jan 01, 2020",,ACTIVE,FIL-HOME-HO5-PROP-ENH,IT028,"Enhanced plan for HO-5 Personal Property with higher limits, expanded options, and broader underwriting flexibility."
PL057,HOME-CONDO-BLDG-STD,Condo Building Items Standard Plan,1.0,"Jan 01, 2020",,ACTIVE,FIL-HOME-CONDO-BLDG-STD,IT029,"Standard plan for Condo Building Items with core limits, standard deductibles, and default underwriting rules."
PL058,HOME-CONDO-BLDG-ENH,Condo Building Items Enhanced Plan,1.0,"Jan 01, 2020",,ACTIVE,FIL-HOME-CONDO-BLDG-ENH,IT029,"Enhanced plan for Condo Building Items with higher limits, expanded options, and broader underwriting flexibility."
PL059,HOME-CONDO-LIAB-STD,Condo Personal Liability Standard Plan,1.0,"Jan 01, 2020",,ACTIVE,FIL-HOME-CONDO-LIAB-STD,IT030,"Standard plan for Condo Personal Liability with core limits, standard deductibles, and default underwriting rules."
PL060,HOME-CONDO-LIAB-ENH,Condo Personal Liability Enhanced Plan,1.0,"Jan 01, 2020",,ACTIVE,FIL-HOME-CONDO-LIAB-ENH,IT030,"Enhanced plan for Condo Personal Liability with higher limits, expanded options, and broader underwriting flexibility."
PL061,HOME-RENT-PROP-STD,Renters Personal Property Standard Plan,1.0,"Jan 01, 2020",,ACTIVE,FIL-HOME-RENT-PROP-STD,IT031,"Standard plan for Renters Personal Property with core limits, standard deductibles, and default underwriting rules."
PL062,HOME-RENT-PROP-ENH,Renters Personal Property Enhanced Plan,1.0,"Jan 01, 2020",,ACTIVE,FIL-HOME-RENT-PROP-ENH,IT031,"Enhanced plan for Renters Personal Property with higher limits, expanded options, and broader underwriting flexibility."
PL063,HOME-RENT-LIAB-STD,Renters Liability Standard Plan,1.0,"Jan 01, 2020",,ACTIVE,FIL-HOME-RENT-LIAB-STD,IT032,"Standard plan for Renters Liability with core limits, standard deductibles, and default underwriting rules."
PL064,HOME-RENT-LIAB-ENH,Renters Liability Enhanced Plan,1.0,"Jan 01, 2020",,ACTIVE,FIL-HOME-RENT-LIAB-ENH,IT032,"Enhanced plan for Renters Liability with higher limits, expanded options, and broader underwriting flexibility."
