PublisherID,Gold_PolicyID,PolicyNumber,PolicyVersion,EffectiveDate,ExpirationDate,IssueDate,CancelDate,CancellationReason,JurisdictionState,CurrencyCode,WrittenPremium,TotalPremium,LastPremiumPaidDate,LastPremiumPaidAmount,OutstandingPremiumAmount,PaymentDueDate,AutoPayIndicator,GracePeriodEndDate,PolicyLapseIndicator,ReinstatementDate,FID_DistributionChannel,FID_PaymentPlan,FID_PaymentStatus,FID_PolicyStatus
POL_ADMIN,POL000001,PNC-2024-100001,1,"Jan 04, 2024","Jan 03, 2025","Jan 01, 2024",,,FL,USD,850,850,"Dec 25, 2023",425,425,"Feb 18, 2024",TRUE,"Mar 04, 2024",FALSE,,AFFINITY_GROUP,EFT_MONTHLY,PARTIALLY_PAID,XYZ
POL_ADMIN,POL000002,PNC-2024-100002,1,"Jan 07, 2024","Jan 06, 2025","Jan 03, 2024",,,OH,USD,998,998,,0,998,"Mar 22, 2024",TRUE,,FALSE,,BROKER,PAY_FULL,SCHEDULED,XYZ
POL_ADMIN,POL000003,PNC-2024-100003,1,"Jan 10, 2024","Jan 09, 2025","Jan 05, 2024","Apr 15, 2024",,MI,USD,1061,1061,"Dec 31, 2023",1061,0,"Apr 24, 2024",TRUE,"May 09, 2024",FALSE,,CALL_CENTER,EFT_MONTHLY,PAID,ISSUED
POL_ADMIN,POL000004,PNC-2024-100004,1,"Jan 13, 2024","Jan 12, 2025","Jan 07, 2024","May 15, 2024",,WA,USD,1198,1198,,0,1198,"May 27, 2024",FALSE,,FALSE,,EMBEDDED_PARTNER,PAY_FULL,PROCESSING,BOUND
POL_ADMIN,POL000005,PNC-2024-100005,1,"Jan 16, 2024","Jan 15, 2025","Jan 09, 2024","Jun 15, 2024",,MA,USD,3388,3388,"Jan 06, 2024",2202,1186,"Jun 29, 2024",TRUE,"Jul 14, 2024",FALSE,"Apr 05, 2024",WHOLESALE_BROKER,EFT_MONTHLY,PARTIALLY_PAID,REINSTATED
POL_ADMIN,POL000006,PNC-2024-100006,1,"Jan 19, 2024","Jan 18, 2025","Jan 11, 2024",,,MN,USD,1354,1354,,0,1354,"Feb 03, 2024",TRUE,,FALSE,,CAPTIVE_AGENT,PAY_FULL,DUE,APPLICATION
POL_ADMIN,POL000007,PNC-2024-100007,1,"Jan 22, 2024","Jan 21, 2025","Jan 13, 2024","Mar 29, 2024",Underwriting eligibility change,NY,USD,1911,1911,"Jan 12, 2024",860,0,"Mar 07, 2024",TRUE,"Mar 22, 2024",FALSE,,MARKETPLACE,EFT_MONTHLY,REFUNDED,CANCELLED
POL_ADMIN,POL000008,PNC-2024-100008,1,"Jan 25, 2024","Jan 24, 2025","Jan 15, 2024",,,IL,USD,1886,1886,"Jan 15, 2024",1886,0,"Apr 09, 2024",FALSE,,FALSE,,BANCASSURANCE,PAY_FULL,PAID,ACTIVE
POL_ADMIN,POL000009,PNC-2024-100009,1,"Jan 28, 2024","Jan 27, 2025","Jan 17, 2024",,,GA,USD,2034,2034,"Jan 18, 2024",712,1322,"May 12, 2024",TRUE,"May 27, 2024",FALSE,,BROKER,EFT_MONTHLY,PARTIALLY_PAID,ACTIVE
POL_ADMIN,POL000010,PNC-2024-100010,1,"Jan 31, 2024","Jan 30, 2025","Jan 19, 2024",,,NJ,USD,5127,5127,,0,5127,"Jun 14, 2024",TRUE,,FALSE,,CALL_CENTER,PAY_FULL,SCHEDULED,ACTIVE
POL_ADMIN,POL000011,PNC-2024-100011,1,"Feb 03, 2024","Feb 02, 2025","Jan 21, 2024",,,AZ,USD,2157,2157,,0,2157,"Jul 17, 2024",FALSE,,FALSE,,EMBEDDED_PARTNER,MORTGAGE_ESCROW,SCHEDULED,ISSUED
POL_ADMIN,POL000012,PNC-2024-100012,1,"Feb 06, 2024","Feb 05, 2025","Jan 23, 2024",,,TN,USD,2294,2318,,0,2318,"Feb 21, 2024",FALSE,"Mar 02, 2024",FALSE,,WHOLESALE_BROKER,SEMI_ANNUAL,AUTHORIZED,BOUND
POL_ADMIN,POL000013,PNC-2024-100013,1,"Feb 09, 2024","Feb 08, 2025","Jan 25, 2024",,,WI,USD,2625,2625,"Jan 30, 2024",1313,1312,"Mar 25, 2024",FALSE,,FALSE,"May 07, 2024",CAPTIVE_AGENT,MORTGAGE_ESCROW,PARTIALLY_PAID,REINSTATED
POL_ADMIN,POL000014,PNC-2024-100014,1,"Feb 12, 2024","Feb 11, 2025","Jan 27, 2024",,,TX,USD,3898,3922,,0,3922,"Apr 27, 2024",TRUE,"May 07, 2024",FALSE,,MARKETPLACE,SEMI_ANNUAL,PROCESSING,APPLICATION
POL_ADMIN,POL000015,PNC-2024-100015,1,"Feb 15, 2024","Feb 14, 2025","Jan 29, 2024","Apr 30, 2024",Underwriting eligibility change,PA,USD,4577,4577,"Feb 05, 2024",0,0,"May 30, 2024",FALSE,,FALSE,,BANCASSURANCE,MORTGAGE_ESCROW,CANCELLED,CANCELLED
POL_ADMIN,POL000016,PNC-2024-100016,1,"Feb 18, 2024","Feb 17, 2025","Jan 31, 2024",,,NC,USD,3069,3093,"Feb 08, 2024",3093,0,"Jul 02, 2024",FALSE,"Jul 12, 2024",FALSE,,INDEPENDENT_AGENT,SEMI_ANNUAL,PAID,ACTIVE
POL_ADMIN,POL000017,PNC-2024-100017,2,"Feb 21, 2024","Feb 20, 2025","Feb 02, 2024",,,VA,USD,3217,3217,"Feb 11, 2024",2091,1126,"Aug 04, 2024",FALSE,,FALSE,,DIRECT_ONLINE,MORTGAGE_ESCROW,PARTIALLY_PAID,ACTIVE
POL_ADMIN,POL000018,PNC-2024-100018,1,"Feb 24, 2024","Feb 23, 2025","Feb 04, 2024",,,CO,USD,3365,3389,,0,3389,"Mar 10, 2024",TRUE,"Mar 20, 2024",FALSE,,EMBEDDED_PARTNER,SEMI_ANNUAL,SCHEDULED,ACTIVE
POL_ADMIN,POL000019,PNC-2024-100019,1,"Feb 27, 2024","Feb 26, 2025","Feb 06, 2024",,,MO,USD,3253,3253,"Feb 17, 2024",1627,1626,"Apr 12, 2024",FALSE,,FALSE,,WHOLESALE_BROKER,MORTGAGE_ESCROW,PARTIALLY_PAID,ISSUED
POL_ADMIN,POL000020,PNC-2024-100020,1,"Mar 01, 2024","Feb 28, 2025","Feb 08, 2024",,,CA,USD,7967,7991,,0,7991,"May 15, 2024",FALSE,"May 25, 2024",FALSE,,CAPTIVE_AGENT,SEMI_ANNUAL,SCHEDULED,BOUND
POL_ADMIN,POL000021,PNC-2024-100021,1,"Mar 04, 2024","Mar 03, 2025","Feb 10, 2024",,,FL,USD,6285,6285,"Feb 23, 2024",2200,4085,"Jun 17, 2024",FALSE,,FALSE,"Jun 08, 2024",MARKETPLACE,MORTGAGE_ESCROW,PARTIALLY_PAID,REINSTATED
POL_ADMIN,POL000022,PNC-2024-100022,1,"Mar 07, 2024","Mar 06, 2025","Feb 12, 2024",,,OH,USD,3371,3395,,0,3395,"Jul 20, 2024",TRUE,"Jul 30, 2024",FALSE,,BANCASSURANCE,QUARTERLY,SCHEDULED,APPLICATION
POL_ADMIN,POL000023,PNC-2024-100023,1,"Mar 10, 2024","Mar 09, 2025","Feb 14, 2024","Jun 01, 2024",Underwriting eligibility change,MI,USD,2737,2737,"Feb 29, 2024",0,0,"Aug 22, 2024",TRUE,"Aug 29, 2024",FALSE,,INDEPENDENT_AGENT,PAYROLL_DEDUCT,VOIDED,CANCELLED
POL_ADMIN,POL000024,PNC-2024-100024,1,"Mar 13, 2024","Mar 12, 2025","Feb 16, 2024","Jun 05, 2024",Non-renewed due to underwriting guidelines,WA,USD,2835,2859,"Mar 03, 2024",2859,0,"Mar 28, 2024",FALSE,"Apr 07, 2024",FALSE,,DIRECT_ONLINE,QUARTERLY,PAID,NON_RENEWED
POL_ADMIN,POL000025,PNC-2024-100025,1,"Mar 16, 2024","Mar 15, 2025","Feb 18, 2024",,,MA,USD,10342,10342,"Mar 06, 2024",5171,5171,"Apr 30, 2024",TRUE,"May 07, 2024",FALSE,,AFFINITY_GROUP,PAYROLL_DEDUCT,PARTIALLY_PAID,ACTIVE
POL_ADMIN,POL000026,PNC-2024-100026,1,"Mar 19, 2024","Mar 18, 2025","Feb 20, 2024",,,MN,USD,4549,4573,,0,4573,"Jun 02, 2024",TRUE,"Jun 12, 2024",FALSE,,BROKER,QUARTERLY,SCHEDULED,ACTIVE
POL_ADMIN,POL000027,PNC-2024-100027,1,"Mar 22, 2024","Mar 21, 2025","Feb 22, 2024",,,NY,USD,4349,4349,"Mar 12, 2024",4349,0,"Jul 05, 2024",TRUE,"Jul 12, 2024",FALSE,,CAPTIVE_AGENT,PAYROLL_DEDUCT,PAID,ISSUED
POL_ADMIN,POL000028,PNC-2024-100028,1,"Mar 25, 2024","Mar 24, 2025","Mar 23, 2024",,,IL,USD,7402,7426,,0,7426,"Aug 07, 2024",FALSE,"Aug 17, 2024",FALSE,,MARKETPLACE,QUARTERLY,PROCESSING,BOUND
POL_ADMIN,POL000029,PNC-2024-100029,1,"Mar 28, 2024","Mar 27, 2025","Mar 25, 2024",,,GA,USD,4993,4993,"Mar 18, 2024",3245,1748,"Sep 09, 2024",TRUE,"Sep 16, 2024",FALSE,,BANCASSURANCE,PAYROLL_DEDUCT,PARTIALLY_PAID,RENEWAL_PENDING
POL_ADMIN,POL000030,PNC-2024-100030,1,"Mar 31, 2024","Mar 30, 2025","Mar 27, 2024",,,NJ,USD,10291,10315,,0,10315,"Apr 15, 2024",TRUE,"Apr 25, 2024",FALSE,,INDEPENDENT_AGENT,QUARTERLY,DUE,APPLICATION
POL_ADMIN,POL000031,PNC-2024-100031,1,"Apr 03, 2024","Apr 02, 2025","Mar 29, 2024","Jul 03, 2024",Underwriting eligibility change,AZ,USD,3526,3526,"Mar 24, 2024",1587,0,"May 18, 2024",TRUE,"May 25, 2024",FALSE,,DIRECT_ONLINE,PAYROLL_DEDUCT,REFUNDED,CANCELLED
POL_ADMIN,POL000032,PNC-2024-100032,1,"Apr 06, 2024","Apr 05, 2025","Mar 31, 2024","Jul 07, 2024",Non-renewed due to underwriting guidelines,TN,USD,3624,3648,"Mar 27, 2024",3648,0,"Jun 20, 2024",FALSE,"Jun 30, 2024",FALSE,,AFFINITY_GROUP,QUARTERLY,PAID,NON_RENEWED
POL_ADMIN,POL000033,PNC-2024-100033,1,"Apr 09, 2024","Apr 08, 2025","Apr 02, 2024",,,WI,USD,5585,5585,"Mar 30, 2024",1955,3630,"Jul 23, 2024",FALSE,"Aug 07, 2024",FALSE,,BROKER,AGENCY_BILL,PARTIALLY_PAID,ACTIVE
POL_ADMIN,POL000034,PNC-2024-100034,2,"Apr 12, 2024","Apr 11, 2025","Apr 04, 2024",,,TX,USD,5733,5781,,0,5781,"Aug 25, 2024",TRUE,"Sep 04, 2024",FALSE,,CALL_CENTER,MONTHLY_10,SCHEDULED,ACTIVE
POL_ADMIN,POL000035,PNC-2024-100035,1,"Apr 15, 2024","Apr 14, 2025","Apr 06, 2024",,,PA,USD,12796,12796,,0,12796,"Sep 27, 2024",FALSE,"Oct 12, 2024",FALSE,,EMBEDDED_PARTNER,AGENCY_BILL,SCHEDULED,ISSUED
POL_ADMIN,POL000036,PNC-2024-100036,1,"Apr 18, 2024","Apr 17, 2025","Apr 08, 2024",,,NC,USD,5582,5630,,0,5630,"May 03, 2024",FALSE,"May 13, 2024",FALSE,,BANCASSURANCE,MONTHLY_10,AUTHORIZED,BOUND
POL_ADMIN,POL000037,PNC-2024-100037,1,"Apr 21, 2024","Apr 20, 2025","Apr 10, 2024",,,VA,USD,6177,6177,,0,6177,"Jun 05, 2024",FALSE,"Jun 20, 2024",FALSE,,INDEPENDENT_AGENT,AGENCY_BILL,DUE,RENEWAL_PENDING
POL_ADMIN,POL000038,PNC-2024-100038,1,"Apr 24, 2024","Apr 23, 2025","Apr 12, 2024",,,CO,USD,5388,5436,,0,5436,"Jul 08, 2024",TRUE,"Jul 18, 2024",FALSE,,DIRECT_ONLINE,MONTHLY_10,DUE,QUOTE
POL_ADMIN,POL000039,PNC-2024-100039,1,"Apr 27, 2024","Apr 26, 2025","Apr 14, 2024","Sep 03, 2024",Temporary suspension pending premium resolution,MO,USD,6472,6472,,0,6472,"Aug 10, 2024",FALSE,"Aug 25, 2024",TRUE,,AFFINITY_GROUP,AGENCY_BILL,PAST_DUE,SUSPENDED
POL_ADMIN,POL000040,PNC-2024-100040,1,"Apr 30, 2024","Apr 29, 2025","Apr 16, 2024","Aug 08, 2024",Premium not received before lapse date,CA,USD,10372,10420,"May 20, 2024",2605,7815,"Sep 12, 2024",FALSE,"Sep 22, 2024",TRUE,,BROKER,MONTHLY_10,DELINQUENT,LAPSED
POL_ADMIN,POL000041,PNC-2024-100041,3,"May 03, 2024","May 02, 2025","Apr 18, 2024",,,FL,USD,6768,6768,"Apr 23, 2024",4399,2369,"Oct 15, 2024",FALSE,"Oct 30, 2024",FALSE,,CALL_CENTER,AGENCY_BILL,PARTIALLY_PAID,ACTIVE
POL_ADMIN,POL000042,PNC-2024-100042,1,"May 06, 2024","May 05, 2025","Apr 20, 2024",,,OH,USD,11412,11460,,0,11460,"May 21, 2024",TRUE,"May 31, 2024",FALSE,,EMBEDDED_PARTNER,MONTHLY_10,SCHEDULED,ACTIVE
POL_ADMIN,POL000043,PNC-2024-100043,1,"May 09, 2024","May 08, 2025","Apr 22, 2024",,,MI,USD,6541,6541,"Apr 29, 2024",3271,3270,"Jun 23, 2024",FALSE,"Jul 08, 2024",FALSE,,WHOLESALE_BROKER,AGENCY_BILL,PARTIALLY_PAID,ISSUED
POL_ADMIN,POL000044,PNC-2024-100044,1,"May 12, 2024","May 11, 2025","Apr 24, 2024",,,WA,USD,6678,6726,,0,6726,"Jul 26, 2024",FALSE,"Aug 05, 2024",FALSE,,CAPTIVE_AGENT,MONTHLY_12,SCHEDULED,BOUND
POL_ADMIN,POL000045,PNC-2024-100045,1,"May 15, 2024","May 14, 2025","Apr 26, 2024",,,MA,USD,1815,1863,,0,1863,"Aug 28, 2024",FALSE,"Sep 02, 2024",FALSE,,DIRECT_ONLINE,PREMIUM_FINANCE,SCHEDULED,RENEWAL_PENDING
POL_ADMIN,POL000046,PNC-2024-100046,1,"May 18, 2024","May 17, 2025","Apr 28, 2024",,,MN,USD,784,832,,0,832,"Sep 30, 2024",TRUE,"Oct 10, 2024",FALSE,,AFFINITY_GROUP,MONTHLY_12,DUE,QUOTE
POL_ADMIN,POL000047,PNC-2024-100047,1,"May 21, 2024","May 20, 2025","Apr 30, 2024","Oct 05, 2024",Temporary suspension pending premium resolution,NY,USD,1068,1116,,0,1116,"Nov 02, 2024",FALSE,"Nov 07, 2024",FALSE,,BROKER,PREMIUM_FINANCE,FAILED,SUSPENDED
POL_ADMIN,POL000048,PNC-2024-100048,1,"May 24, 2024","May 23, 2025","May 02, 2024","Sep 09, 2024",Premium not received before lapse date,IL,USD,811,859,"Jun 13, 2024",215,644,"Jun 08, 2024",FALSE,"Jun 18, 2024",TRUE,,CALL_CENTER,MONTHLY_12,DELINQUENT,LAPSED
POL_ADMIN,POL000049,PNC-2024-100049,1,"May 27, 2024","May 26, 2025","May 04, 2024",,,GA,USD,2251,2299,"May 17, 2024",1150,1149,"Jul 11, 2024",FALSE,"Jul 16, 2024",FALSE,,EMBEDDED_PARTNER,PREMIUM_FINANCE,PARTIALLY_PAID,ACTIVE
POL_ADMIN,POL000050,PNC-2024-100050,1,"May 30, 2024","May 29, 2025","May 06, 2024",,,NJ,USD,3553,3601,,0,3601,"Aug 13, 2024",TRUE,"Aug 23, 2024",FALSE,,WHOLESALE_BROKER,MONTHLY_12,SCHEDULED,ACTIVE
POL_ADMIN,POL000051,PNC-2024-100051,2,"Jun 02, 2024","Jun 01, 2025","May 08, 2024",,,AZ,USD,1537,1585,"May 23, 2024",1585,0,"Sep 15, 2024",FALSE,"Sep 20, 2024",FALSE,,CAPTIVE_AGENT,PREMIUM_FINANCE,PAID,ISSUED
POL_ADMIN,POL000052,PNC-2024-100052,1,"Jun 05, 2024","Jun 04, 2025","May 10, 2024",,,TN,USD,1674,1722,,0,1722,"Oct 18, 2024",FALSE,"Oct 28, 2024",FALSE,,MARKETPLACE,MONTHLY_12,PROCESSING,BOUND
POL_ADMIN,POL000053,PNC-2024-100053,1,"Jun 08, 2024","Jun 07, 2025","May 12, 2024",,,WI,USD,1956,2004,"May 29, 2024",1303,701,"Nov 20, 2024",FALSE,"Nov 25, 2024",FALSE,,BANCASSURANCE,PREMIUM_FINANCE,PARTIALLY_PAID,RENEWAL_PENDING
POL_ADMIN,POL000054,PNC-2024-100054,1,"Jun 11, 2024","Jun 10, 2025","May 14, 2024",,,TX,USD,1792,1840,,0,1840,"Jun 26, 2024",TRUE,"Jul 06, 2024",FALSE,,BROKER,MONTHLY_12,DUE,QUOTE
POL_ADMIN,POL000055,PNC-2024-100055,1,"Jun 14, 2024","Jun 13, 2025","May 16, 2024",,,PA,USD,4508,4508,,0,4508,"Jul 29, 2024",TRUE,,FALSE,,CALL_CENTER,PAY_FULL,SCHEDULED,UNDER_REVIEW
POL_ADMIN,POL000056,PNC-2024-100056,1,"Jun 17, 2024","Jun 16, 2025","Jun 15, 2024",,,NC,USD,3960,3960,"Jun 07, 2024",3960,0,"Aug 31, 2024",FALSE,"Sep 15, 2024",FALSE,,EMBEDDED_PARTNER,EFT_MONTHLY,PAID,EXPIRED
POL_ADMIN,POL000057,PNC-2024-100057,1,"Jun 20, 2024","Jun 19, 2025","Jun 17, 2024",,,VA,USD,2548,2548,"Jun 10, 2024",892,1656,"Oct 03, 2024",TRUE,,FALSE,,WHOLESALE_BROKER,PAY_FULL,PARTIALLY_PAID,ACTIVE
POL_ADMIN,POL000058,PNC-2024-100058,1,"Jun 23, 2024","Jun 22, 2025","Jun 19, 2024",,,CO,USD,2696,2696,,0,2696,"Nov 05, 2024",TRUE,"Nov 20, 2024",FALSE,,CAPTIVE_AGENT,EFT_MONTHLY,SCHEDULED,ACTIVE
POL_ADMIN,POL000059,PNC-2024-100059,1,"Jun 26, 2024","Jun 25, 2025","Jun 21, 2024",,,MO,USD,2633,2633,,0,2633,"Dec 08, 2024",TRUE,,FALSE,,MARKETPLACE,PAY_FULL,SCHEDULED,ISSUED
POL_ADMIN,POL000060,PNC-2024-100060,1,"Jun 29, 2024","Jun 28, 2025","Jun 23, 2024",,,CA,USD,6510,6510,"Jun 19, 2024",6510,0,"Jul 14, 2024",FALSE,"Jul 29, 2024",FALSE,,BANCASSURANCE,EFT_MONTHLY,PAID,ISSUED
POL_ADMIN,POL000061,PNC-2024-100061,1,"Jul 02, 2024","Jul 01, 2025","Jun 25, 2024",,,FL,USD,3140,3140,,0,3140,"Aug 16, 2024",TRUE,,FALSE,,INDEPENDENT_AGENT,PAY_FULL,DUE,RENEWAL_PENDING
POL_ADMIN,POL000062,PNC-2024-100062,1,"Jul 05, 2024","Jul 04, 2025","Jun 27, 2024",,,OH,USD,2800,2800,,0,2800,"Sep 18, 2024",TRUE,"Oct 03, 2024",FALSE,,DIRECT_ONLINE,EFT_MONTHLY,DUE,QUOTE
POL_ADMIN,POL000063,PNC-2024-100063,1,"Jul 08, 2024","Jul 07, 2025","Jun 29, 2024",,,MI,USD,4829,4829,,0,4829,"Oct 21, 2024",TRUE,,FALSE,,EMBEDDED_PARTNER,PAY_FULL,DUE,UNDER_REVIEW
POL_ADMIN,POL000064,PNC-2024-100064,1,"Jul 11, 2024","Jul 10, 2025","Jul 01, 2024",,,WA,USD,3583,3583,"Jul 01, 2024",3583,0,"Nov 23, 2024",FALSE,"Dec 08, 2024",FALSE,,WHOLESALE_BROKER,EFT_MONTHLY,PAID,EXPIRED
POL_ADMIN,POL000065,PNC-2024-100065,1,"Jul 14, 2024","Jul 13, 2025","Jul 03, 2024",,,MA,USD,8769,8769,"Jul 04, 2024",5700,3069,"Dec 26, 2024",TRUE,,FALSE,,CAPTIVE_AGENT,PAY_FULL,PARTIALLY_PAID,ACTIVE
POL_ADMIN,POL000066,PNC-2024-100066,1,"Jul 17, 2024","Jul 16, 2025","Jul 05, 2024",,,MN,USD,3879,3879,,0,3879,"Aug 01, 2024",FALSE,,FALSE,,MARKETPLACE,MORTGAGE_ESCROW,SCHEDULED,ACTIVE
POL_ADMIN,POL000067,PNC-2024-100067,1,"Jul 20, 2024","Jul 19, 2025","Jul 07, 2024",,,NY,USD,3729,3753,"Jul 10, 2024",1877,1876,"Sep 03, 2024",TRUE,"Sep 13, 2024",FALSE,,BANCASSURANCE,SEMI_ANNUAL,PARTIALLY_PAID,ISSUED
POL_ADMIN,POL000068,PNC-2024-100068,2,"Jul 23, 2024","Jul 22, 2025","Jul 09, 2024",,,IL,USD,3866,3866,,0,3866,"Oct 06, 2024",FALSE,,FALSE,,INDEPENDENT_AGENT,MORTGAGE_ESCROW,SCHEDULED,ISSUED
POL_ADMIN,POL000069,PNC-2024-100069,1,"Jul 26, 2024","Jul 25, 2025","Jul 11, 2024",,,GA,USD,4323,4347,,0,4347,"Nov 08, 2024",TRUE,"Nov 18, 2024",FALSE,,DIRECT_ONLINE,SEMI_ANNUAL,SCHEDULED,RENEWAL_PENDING
POL_ADMIN,POL000070,PNC-2024-100070,1,"Jul 29, 2024","Jul 28, 2025","Jul 13, 2024",,,NJ,USD,8951,8951,,0,8951,"Dec 11, 2024",FALSE,,FALSE,,AFFINITY_GROUP,MORTGAGE_ESCROW,DUE,QUOTE
POL_ADMIN,POL000071,PNC-2024-100071,1,"Aug 01, 2024","Jul 31, 2025","Jul 15, 2024",,,AZ,USD,3935,3959,,0,3959,"Jan 13, 2025",TRUE,"Jan 23, 2025",FALSE,,BROKER,SEMI_ANNUAL,AUTHORIZED,UNDER_REVIEW
POL_ADMIN,POL000072,PNC-2024-100072,1,"Aug 04, 2024","Aug 03, 2025","Jul 17, 2024",,,TN,USD,4767,4767,"Jul 25, 2024",4767,0,"Aug 19, 2024",FALSE,,FALSE,,CAPTIVE_AGENT,MORTGAGE_ESCROW,PAID,EXPIRED
POL_ADMIN,POL000073,PNC-2024-100073,1,"Aug 07, 2024","Aug 06, 2025","Jul 19, 2024",,,WI,USD,4915,4939,"Jul 28, 2024",2470,2469,"Sep 21, 2024",TRUE,"Oct 01, 2024",FALSE,,MARKETPLACE,SEMI_ANNUAL,PARTIALLY_PAID,ACTIVE
POL_ADMIN,POL000074,PNC-2024-100074,1,"Aug 10, 2024","Aug 09, 2025","Jul 21, 2024",,,TX,USD,5063,5063,,0,5063,"Oct 24, 2024",FALSE,,FALSE,,BANCASSURANCE,MORTGAGE_ESCROW,SCHEDULED,ACTIVE
POL_ADMIN,POL000075,PNC-2024-100075,1,"Aug 13, 2024","Aug 12, 2025","Jul 23, 2024",,,PA,USD,12246,12270,,0,12270,"Nov 26, 2024",TRUE,"Dec 06, 2024",FALSE,,INDEPENDENT_AGENT,SEMI_ANNUAL,DUE,ACTIVE
POL_ADMIN,POL000076,PNC-2024-100076,1,"Aug 16, 2024","Aug 15, 2025","Jul 25, 2024",,,NC,USD,4962,4962,"Aug 06, 2024",2481,2481,"Dec 29, 2024",FALSE,,FALSE,,DIRECT_ONLINE,MORTGAGE_ESCROW,PARTIALLY_PAID,ISSUED
POL_ADMIN,POL000077,PNC-2024-100077,1,"Aug 19, 2024","Aug 18, 2025","Jul 27, 2024",,,VA,USD,9086,9110,"Aug 09, 2024",5921,3189,"Jan 31, 2025",TRUE,"Feb 10, 2025",FALSE,,AFFINITY_GROUP,QUARTERLY,PARTIALLY_PAID,RENEWAL_PENDING
POL_ADMIN,POL000078,PNC-2024-100078,1,"Aug 22, 2024","Aug 21, 2025","Jul 29, 2024",,,CO,USD,5655,5655,"Aug 12, 2024",5655,0,"Sep 06, 2024",TRUE,"Sep 13, 2024",FALSE,"Jan 22, 2025",BROKER,PAYROLL_DEDUCT,PAID,REINSTATED
POL_ADMIN,POL000079,PNC-2024-100079,1,"Aug 25, 2024","Aug 24, 2025","Jul 31, 2024",,,MO,USD,4943,4967,,0,4967,"Oct 09, 2024",TRUE,"Oct 19, 2024",FALSE,,CALL_CENTER,QUARTERLY,SCHEDULED,UNDER_REVIEW
POL_ADMIN,POL000080,PNC-2024-100080,1,"Aug 28, 2024","Aug 27, 2025","Aug 02, 2024","Jan 15, 2025",Insured requested cancellation,CA,USD,9323,9323,"Aug 18, 2024",0,0,"Nov 11, 2024",FALSE,"Nov 18, 2024",FALSE,,EMBEDDED_PARTNER,PAYROLL_DEDUCT,VOIDED,CANCELLED
POL_ADMIN,POL000081,PNC-2024-100081,1,"Aug 31, 2024","Aug 30, 2025","Aug 04, 2024",,,FL,USD,6099,6123,"Aug 21, 2024",2143,3980,"Dec 14, 2024",TRUE,"Dec 24, 2024",FALSE,,BANCASSURANCE,QUARTERLY,PARTIALLY_PAID,ACTIVE
POL_ADMIN,POL000082,PNC-2024-100082,3,"Sep 03, 2024","Sep 02, 2025","Aug 06, 2024",,,OH,USD,6247,6247,,0,6247,"Jan 16, 2025",TRUE,"Jan 23, 2025",FALSE,,INDEPENDENT_AGENT,PAYROLL_DEDUCT,SCHEDULED,ACTIVE
POL_ADMIN,POL000083,PNC-2024-100083,1,"Sep 06, 2024","Sep 05, 2025","Aug 08, 2024",,,MI,USD,6395,6419,,0,6419,"Feb 18, 2025",TRUE,"Feb 28, 2025",FALSE,,DIRECT_ONLINE,QUARTERLY,DUE,ACTIVE
POL_ADMIN,POL000084,PNC-2024-100084,1,"Sep 09, 2024","Sep 08, 2025","Sep 07, 2024",,,WA,USD,9996,9996,"Aug 30, 2024",9996,0,"Sep 24, 2024",FALSE,"Oct 01, 2024",FALSE,,AFFINITY_GROUP,PAYROLL_DEDUCT,PAID,ISSUED
POL_ADMIN,POL000085,PNC-2024-100085,2,"Sep 12, 2024","Sep 11, 2025","Sep 09, 2024",,,MA,USD,14558,14582,,0,14582,"Oct 27, 2024",TRUE,"Nov 06, 2024",FALSE,,BROKER,QUARTERLY,PROCESSING,BOUND
POL_ADMIN,POL000086,PNC-2024-100086,1,"Sep 15, 2024","Sep 14, 2025","Sep 11, 2024",,,MN,USD,6839,6839,"Sep 05, 2024",6839,0,"Nov 29, 2024",TRUE,"Dec 06, 2024",FALSE,"Feb 23, 2025",CALL_CENTER,PAYROLL_DEDUCT,PAID,REINSTATED
POL_ADMIN,POL000087,PNC-2024-100087,1,"Sep 18, 2024","Sep 17, 2025","Sep 13, 2024",,,NY,USD,5951,5975,,0,5975,"Jan 01, 2025",TRUE,"Jan 11, 2025",FALSE,,EMBEDDED_PARTNER,QUARTERLY,DUE,APPLICATION
POL_ADMIN,POL000088,PNC-2024-100088,1,"Sep 21, 2024","Sep 20, 2025","Sep 15, 2024","Feb 16, 2025",Insured requested cancellation,IL,USD,4756,4756,"Sep 11, 2024",2140,0,"Feb 03, 2025",FALSE,"Feb 18, 2025",FALSE,,WHOLESALE_BROKER,AGENCY_BILL,REFUNDED,CANCELLED
POL_ADMIN,POL000089,PNC-2024-100089,1,"Sep 24, 2024","Sep 23, 2025","Sep 17, 2024",,,GA,USD,7282,7330,"Sep 14, 2024",4764,2566,"Mar 08, 2025",TRUE,"Mar 18, 2025",FALSE,,CAPTIVE_AGENT,MONTHLY_10,PARTIALLY_PAID,ACTIVE
POL_ADMIN,POL000090,PNC-2024-100090,1,"Sep 27, 2024","Sep 26, 2025","Sep 19, 2024",,,NJ,USD,1980,1980,,0,1980,"Oct 12, 2024",FALSE,"Oct 27, 2024",FALSE,,DIRECT_ONLINE,AGENCY_BILL,SCHEDULED,ACTIVE
POL_ADMIN,POL000091,PNC-2024-100091,1,"Sep 30, 2024","Sep 29, 2025","Sep 21, 2024",,,AZ,USD,1634,1682,,0,1682,"Nov 14, 2024",TRUE,"Nov 24, 2024",FALSE,,AFFINITY_GROUP,MONTHLY_10,DUE,ACTIVE
POL_ADMIN,POL000092,PNC-2024-100092,1,"Oct 03, 2024","Oct 02, 2025","Sep 23, 2024",,,TN,USD,1054,1054,,0,1054,"Dec 17, 2024",FALSE,"Jan 01, 2025",FALSE,,BROKER,AGENCY_BILL,SCHEDULED,ISSUED
POL_ADMIN,POL000093,PNC-2024-100093,1,"Oct 06, 2024","Oct 05, 2025","Sep 25, 2024",,,WI,USD,1191,1239,,0,1239,"Jan 19, 2025",TRUE,"Jan 29, 2025",FALSE,,CALL_CENTER,MONTHLY_10,AUTHORIZED,BOUND
POL_ADMIN,POL000094,PNC-2024-100094,1,"Oct 09, 2024","Oct 08, 2025","Sep 27, 2024",,,TX,USD,1434,1434,"Sep 29, 2024",1434,0,"Feb 21, 2025",FALSE,"Mar 08, 2025",FALSE,"Dec 27, 2024",EMBEDDED_PARTNER,AGENCY_BILL,PAID,REINSTATED
POL_ADMIN,POL000095,PNC-2024-100095,1,"Oct 12, 2024","Oct 11, 2025","Sep 29, 2024",,,PA,USD,3167,3215,,0,3215,"Mar 26, 2025",TRUE,"Apr 05, 2025",FALSE,,WHOLESALE_BROKER,MONTHLY_10,PROCESSING,APPLICATION
POL_ADMIN,POL000096,PNC-2024-100096,1,"Oct 15, 2024","Oct 14, 2025","Oct 01, 2024","Mar 20, 2025",Insured requested cancellation,NC,USD,1153,1153,"Oct 05, 2024",0,0,"Oct 30, 2024",FALSE,"Nov 14, 2024",FALSE,,CAPTIVE_AGENT,AGENCY_BILL,CANCELLED,CANCELLED
POL_ADMIN,POL000097,PNC-2024-100097,1,"Oct 18, 2024","Oct 17, 2025","Oct 03, 2024",,,VA,USD,1878,1926,"Oct 08, 2024",963,963,"Dec 02, 2024",TRUE,"Dec 12, 2024",FALSE,,MARKETPLACE,MONTHLY_10,PARTIALLY_PAID,ACTIVE
POL_ADMIN,POL000098,PNC-2024-100098,1,"Oct 21, 2024","Oct 20, 2025","Oct 05, 2024",,,CO,USD,3343,3343,,0,3343,"Jan 04, 2025",FALSE,"Jan 19, 2025",FALSE,,BANCASSURANCE,AGENCY_BILL,SCHEDULED,ACTIVE
POL_ADMIN,POL000099,PNC-2024-100099,1,"Oct 24, 2024","Oct 23, 2025","Oct 07, 2024",,,MO,USD,2174,2222,,0,2222,"Feb 06, 2025",TRUE,"Feb 16, 2025",FALSE,,BROKER,MONTHLY_12,DUE,ACTIVE
POL_ADMIN,POL000100,PNC-2024-100100,1,"Oct 27, 2024","Oct 26, 2025","Oct 09, 2024",,,CA,USD,5053,5101,"Oct 17, 2024",2551,2550,"Mar 11, 2025",FALSE,"Mar 16, 2025",FALSE,,CALL_CENTER,PREMIUM_FINANCE,PARTIALLY_PAID,ISSUED
POL_ADMIN,POL000101,PNC-2024-100101,1,"Oct 30, 2024","Oct 29, 2025","Oct 11, 2024",,,FL,USD,2287,2335,,0,2335,"Apr 13, 2025",TRUE,"Apr 23, 2025",FALSE,,EMBEDDED_PARTNER,MONTHLY_12,SCHEDULED,BOUND
POL_ADMIN,POL000102,PNC-2024-100102,2,"Nov 02, 2024","Nov 01, 2025","Oct 13, 2024",,,OH,USD,2618,2666,"Oct 23, 2024",2666,0,"Nov 17, 2024",FALSE,"Nov 22, 2024",FALSE,"Jan 28, 2025",WHOLESALE_BROKER,PREMIUM_FINANCE,PAID,REINSTATED
POL_ADMIN,POL000103,PNC-2024-100103,1,"Nov 05, 2024","Nov 04, 2025","Oct 15, 2024",,,MI,USD,2356,2404,,0,2404,"Dec 20, 2024",TRUE,"Dec 30, 2024",FALSE,,CAPTIVE_AGENT,MONTHLY_12,SCHEDULED,APPLICATION
POL_ADMIN,POL000104,PNC-2024-100104,1,"Nov 08, 2024","Nov 07, 2025","Oct 17, 2024","Apr 21, 2025",Insured requested cancellation,WA,USD,1943,1991,"Oct 29, 2024",0,0,"Jan 22, 2025",FALSE,"Jan 27, 2025",FALSE,,MARKETPLACE,PREMIUM_FINANCE,VOIDED,CANCELLED
POL_ADMIN,POL000105,PNC-2024-100105,1,"Nov 11, 2024","Nov 10, 2025","Oct 19, 2024","Apr 25, 2025",Non-renewed by insured request,MA,USD,4797,4845,"Nov 01, 2024",0,0,"Feb 24, 2025",TRUE,"Mar 06, 2025",FALSE,,BANCASSURANCE,MONTHLY_12,CANCELLED,NON_RENEWED
POL_ADMIN,POL000106,PNC-2024-100106,1,"Nov 14, 2024","Nov 13, 2025","Oct 21, 2024",,,MN,USD,3210,3258,,0,3258,"Mar 29, 2025",FALSE,"Apr 03, 2025",FALSE,,INDEPENDENT_AGENT,PREMIUM_FINANCE,SCHEDULED,ACTIVE
POL_ADMIN,POL000107,PNC-2024-100107,1,"Nov 17, 2024","Nov 16, 2025","Oct 23, 2024",,,NY,USD,3358,3406,,0,3406,"May 01, 2025",TRUE,"May 11, 2025",FALSE,,DIRECT_ONLINE,MONTHLY_12,DUE,ACTIVE
POL_ADMIN,POL000108,PNC-2024-100108,1,"Nov 20, 2024","Nov 19, 2025","Oct 25, 2024",,,IL,USD,3246,3294,"Nov 10, 2024",3294,0,"Dec 05, 2024",FALSE,"Dec 10, 2024",FALSE,,EMBEDDED_PARTNER,PREMIUM_FINANCE,PAID,ISSUED
POL_ADMIN,POL000109,PNC-2024-100109,1,"Nov 23, 2024","Nov 22, 2025","Oct 27, 2024",,,GA,USD,3383,3431,,0,3431,"Jan 07, 2025",TRUE,"Jan 17, 2025",FALSE,,WHOLESALE_BROKER,MONTHLY_12,PROCESSING,BOUND
POL_ADMIN,POL000110,PNC-2024-100110,1,"Nov 26, 2024","Nov 25, 2025","Oct 29, 2024",,,NJ,USD,8934,8934,"Nov 16, 2024",5807,3127,"Feb 09, 2025",TRUE,,FALSE,,CAPTIVE_AGENT,PAY_FULL,PARTIALLY_PAID,RENEWAL_PENDING
POL_ADMIN,POL000111,PNC-2024-100111,1,"Nov 29, 2024","Nov 28, 2025","Oct 31, 2024",,,AZ,USD,3364,3364,,0,3364,"Mar 14, 2025",TRUE,"Mar 29, 2025",FALSE,,MARKETPLACE,EFT_MONTHLY,DUE,APPLICATION
POL_ADMIN,POL000112,PNC-2024-100112,1,"Dec 02, 2024","Dec 01, 2025","Nov 30, 2024","Apr 03, 2025",Temporary suspension pending premium resolution,TN,USD,6761,6761,"Dec 22, 2024",1690,5071,"Apr 16, 2025",FALSE,,TRUE,,BANCASSURANCE,PAY_FULL,DELINQUENT,SUSPENDED
POL_ADMIN,POL000113,PNC-2024-100113,1,"Dec 05, 2024","Dec 04, 2025","Dec 02, 2024","May 27, 2025",Renewal payment not received,WI,USD,2830,2830,"Nov 25, 2024",566,2264,"May 19, 2025",TRUE,"Jun 03, 2025",TRUE,,INDEPENDENT_AGENT,EFT_MONTHLY,WRITTEN_OFF,LAPSED
POL_ADMIN,POL000114,PNC-2024-100114,1,"Dec 08, 2024","Dec 07, 2025","Dec 04, 2024",,,TX,USD,4393,4393,,0,4393,"Dec 23, 2024",TRUE,,FALSE,,DIRECT_ONLINE,PAY_FULL,SCHEDULED,ACTIVE
POL_ADMIN,POL000115,PNC-2024-100115,1,"Dec 11, 2024","Dec 10, 2025","Dec 06, 2024",,,PA,USD,10672,10672,,0,10672,"Jan 25, 2025",TRUE,"Feb 09, 2025",FALSE,,AFFINITY_GROUP,EFT_MONTHLY,DUE,ACTIVE
POL_ADMIN,POL000116,PNC-2024-100116,1,"Dec 14, 2024","Dec 13, 2025","Dec 08, 2024",,,NC,USD,4342,4342,,0,4342,"Feb 27, 2025",FALSE,,FALSE,,BROKER,PAY_FULL,SCHEDULED,ISSUED
POL_ADMIN,POL000117,PNC-2024-100117,1,"Dec 17, 2024","Dec 16, 2025","Dec 10, 2024",,,VA,USD,4479,4479,,0,4479,"Apr 01, 2025",TRUE,"Apr 16, 2025",FALSE,,CAPTIVE_AGENT,EFT_MONTHLY,AUTHORIZED,BOUND
POL_ADMIN,POL000118,PNC-2024-100118,1,"Dec 20, 2024","Dec 19, 2025","Dec 12, 2024",,,CO,USD,4985,4985,,0,4985,"May 04, 2025",TRUE,,FALSE,,MARKETPLACE,PAY_FULL,DUE,RENEWAL_PENDING
POL_ADMIN,POL000119,PNC-2024-100119,2,"Dec 23, 2024","Dec 22, 2025","Dec 14, 2024",,,MO,USD,7215,7215,,0,7215,"Jun 06, 2025",TRUE,"Jun 21, 2025",FALSE,,BANCASSURANCE,EFT_MONTHLY,SCHEDULED,QUOTE
POL_ADMIN,POL000120,PNC-2024-100120,1,"Dec 26, 2024","Dec 25, 2025","Dec 16, 2024","May 05, 2025",Temporary suspension pending premium resolution,CA,USD,12411,12411,"Jan 15, 2025",3103,9308,"Jan 10, 2025",FALSE,,TRUE,,INDEPENDENT_AGENT,PAY_FULL,PAST_DUE,SUSPENDED
POL_ADMIN,POL000121,PNC-2024-100121,1,"Dec 29, 2024","Dec 28, 2025","Dec 18, 2024","Jun 28, 2025",Renewal payment not received,FL,USD,3619,3619,"Dec 19, 2024",724,2895,"Feb 12, 2025",FALSE,,TRUE,,DIRECT_ONLINE,MORTGAGE_ESCROW,WRITTEN_OFF,LAPSED
POL_ADMIN,POL000122,PNC-2025-100122,1,"Jan 01, 2025","Dec 31, 2025","Dec 20, 2024",,,OH,USD,5577,5601,,0,5601,"Mar 17, 2025",TRUE,"Mar 27, 2025",FALSE,,AFFINITY_GROUP,SEMI_ANNUAL,SCHEDULED,ACTIVE
POL_ADMIN,POL000123,PNC-2025-100123,3,"Jan 04, 2025","Jan 03, 2026","Dec 22, 2024",,,MI,USD,5725,5725,,0,5725,"Apr 19, 2025",FALSE,,FALSE,,BROKER,MORTGAGE_ESCROW,DUE,ACTIVE
POL_ADMIN,POL000124,PNC-2025-100124,1,"Jan 07, 2025","Jan 06, 2026","Dec 24, 2024",,,WA,USD,5438,5462,"Dec 28, 2024",2731,2731,"May 22, 2025",FALSE,"Jun 01, 2025",FALSE,,CALL_CENTER,SEMI_ANNUAL,PARTIALLY_PAID,ISSUED
POL_ADMIN,POL000125,PNC-2025-100125,1,"Jan 10, 2025","Jan 09, 2026","Dec 26, 2024",,,MA,USD,13101,13101,,0,13101,"Jun 24, 2025",FALSE,,FALSE,,EMBEDDED_PARTNER,MORTGAGE_ESCROW,SCHEDULED,BOUND
POL_ADMIN,POL000126,PNC-2025-100126,1,"Jan 13, 2025","Jan 12, 2026","Dec 28, 2024",,,MN,USD,10179,10203,,0,10203,"Jan 28, 2025",TRUE,"Feb 07, 2025",FALSE,,BANCASSURANCE,SEMI_ANNUAL,SCHEDULED,RENEWAL_PENDING
POL_ADMIN,POL000127,PNC-2025-100127,1,"Jan 16, 2025","Jan 15, 2026","Dec 30, 2024",,,NY,USD,5381,5381,,0,5381,"Mar 02, 2025",FALSE,,FALSE,,INDEPENDENT_AGENT,MORTGAGE_ESCROW,SCHEDULED,QUOTE
POL_ADMIN,POL000128,PNC-2025-100128,1,"Jan 19, 2025","Jan 18, 2026","Jan 01, 2025",,,IL,USD,5507,5531,,0,5531,"Apr 04, 2025",FALSE,"Apr 14, 2025",FALSE,,DIRECT_ONLINE,SEMI_ANNUAL,AUTHORIZED,UNDER_REVIEW
POL_ADMIN,POL000129,PNC-2025-100129,1,"Jan 22, 2025","Jan 21, 2026","Jan 03, 2025","Jul 30, 2025",Renewal payment not received,GA,USD,4409,4409,"Jan 12, 2025",882,3527,"May 07, 2025",FALSE,,TRUE,,AFFINITY_GROUP,MORTGAGE_ESCROW,WRITTEN_OFF,LAPSED
POL_ADMIN,POL000130,PNC-2025-100130,1,"Jan 25, 2025","Jan 24, 2026","Jan 05, 2025",,,NJ,USD,15888,15912,,0,15912,"Jun 09, 2025",TRUE,"Jun 19, 2025",FALSE,,BROKER,SEMI_ANNUAL,SCHEDULED,ACTIVE
POL_ADMIN,POL000131,PNC-2025-100131,1,"Jan 28, 2025","Jan 27, 2026","Jan 07, 2025",,,AZ,USD,6909,6909,,0,6909,"Jul 12, 2025",FALSE,,FALSE,,CALL_CENTER,MORTGAGE_ESCROW,DUE,ACTIVE
POL_ADMIN,POL000132,PNC-2025-100132,1,"Jan 31, 2025","Jan 30, 2026","Jan 09, 2025",,,TN,USD,6534,6558,"Jan 21, 2025",6558,0,"Feb 15, 2025",FALSE,"Feb 25, 2025",FALSE,,EMBEDDED_PARTNER,QUARTERLY,PAID,ISSUED
POL_ADMIN,POL000133,PNC-2025-100133,1,"Feb 03, 2025","Feb 02, 2026","Jan 11, 2025",,,WI,USD,11007,11007,"Jan 24, 2025",5504,5503,"Mar 20, 2025",TRUE,"Mar 27, 2025",FALSE,,WHOLESALE_BROKER,PAYROLL_DEDUCT,PARTIALLY_PAID,ISSUED
POL_ADMIN,POL000134,PNC-2025-100134,1,"Feb 06, 2025","Feb 05, 2026","Jan 13, 2025",,,TX,USD,765,789,"Jan 27, 2025",513,276,"Apr 22, 2025",TRUE,"May 02, 2025",FALSE,,CAPTIVE_AGENT,QUARTERLY,PARTIALLY_PAID,RENEWAL_PENDING
POL_ADMIN,POL000135,PNC-2025-100135,1,"Feb 09, 2025","Feb 08, 2026","Jan 15, 2025",,,PA,USD,1827,1827,,0,1827,"May 25, 2025",TRUE,"Jun 01, 2025",FALSE,,DIRECT_ONLINE,PAYROLL_DEDUCT,SCHEDULED,QUOTE
POL_ADMIN,POL000136,PNC-2025-100136,2,"Feb 12, 2025","Feb 11, 2026","Jan 17, 2025",,,NC,USD,903,927,,0,927,"Jun 27, 2025",FALSE,"Jul 07, 2025",FALSE,,AFFINITY_GROUP,QUARTERLY,SCHEDULED,UNDER_REVIEW
POL_ADMIN,POL000137,PNC-2025-100137,1,"Feb 15, 2025","Feb 14, 2026","Jan 19, 2025",,,VA,USD,1209,1209,"Feb 05, 2025",544,0,"Jul 30, 2025",TRUE,"Aug 06, 2025",FALSE,,BROKER,PAYROLL_DEDUCT,REFUNDED,EXPIRED
POL_ADMIN,POL000138,PNC-2025-100138,1,"Feb 18, 2025","Feb 17, 2026","Jan 21, 2025",,,CO,USD,1356,1380,,0,1380,"Mar 05, 2025",TRUE,"Mar 15, 2025",FALSE,,CALL_CENTER,QUARTERLY,SCHEDULED,ACTIVE
POL_ADMIN,POL000139,PNC-2025-100139,1,"Feb 21, 2025","Feb 20, 2026","Jan 23, 2025",,,MO,USD,1504,1504,,0,1504,"Apr 07, 2025",TRUE,"Apr 14, 2025",FALSE,,EMBEDDED_PARTNER,PAYROLL_DEDUCT,DUE,ACTIVE
POL_ADMIN,POL000140,PNC-2025-100140,1,"Feb 24, 2025","Feb 23, 2026","Feb 22, 2025",,,CA,USD,3596,3620,,0,3620,"May 10, 2025",FALSE,"May 20, 2025",FALSE,,WHOLESALE_BROKER,QUARTERLY,SCHEDULED,ISSUED
POL_ADMIN,POL000141,PNC-2025-100141,1,"Feb 27, 2025","Feb 26, 2026","Feb 24, 2025",,,FL,USD,1667,1667,"Feb 17, 2025",1667,0,"Jun 12, 2025",TRUE,"Jun 19, 2025",FALSE,,CAPTIVE_AGENT,PAYROLL_DEDUCT,PAID,ISSUED
POL_ADMIN,POL000142,PNC-2025-100142,1,"Mar 02, 2025","Mar 01, 2026","Feb 26, 2025",,,OH,USD,1948,1972,,0,1972,"Jul 15, 2025",TRUE,"Jul 25, 2025",FALSE,,MARKETPLACE,QUARTERLY,DUE,RENEWAL_PENDING
POL_ADMIN,POL000143,PNC-2025-100143,1,"Mar 05, 2025","Mar 04, 2026","Feb 28, 2025",,,MI,USD,1786,1786,,0,1786,"Aug 17, 2025",FALSE,"Sep 01, 2025",FALSE,,BANCASSURANCE,AGENCY_BILL,SCHEDULED,QUOTE
POL_ADMIN,POL000144,PNC-2025-100144,1,"Mar 08, 2025","Mar 07, 2026","Mar 02, 2025",,,WA,USD,1912,1960,,0,1960,"Mar 23, 2025",FALSE,"Apr 02, 2025",FALSE,,BROKER,MONTHLY_10,DUE,UNDER_REVIEW
POL_ADMIN,POL000145,PNC-2025-100145,1,"Mar 11, 2025","Mar 10, 2026","Mar 04, 2025",,,MA,USD,5622,5622,"Mar 01, 2025",2530,0,"Apr 25, 2025",FALSE,"May 10, 2025",FALSE,,CALL_CENTER,AGENCY_BILL,REFUNDED,EXPIRED
POL_ADMIN,POL000146,PNC-2025-100146,1,"Mar 14, 2025","Mar 13, 2026","Mar 06, 2025",,,MN,USD,2540,2588,,0,2588,"May 28, 2025",TRUE,"Jun 07, 2025",FALSE,,EMBEDDED_PARTNER,MONTHLY_10,SCHEDULED,ACTIVE
POL_ADMIN,POL000147,PNC-2025-100147,1,"Mar 17, 2025","Mar 16, 2026","Mar 08, 2025",,,NY,USD,4435,4435,,0,4435,"Jun 30, 2025",FALSE,"Jul 15, 2025",FALSE,,WHOLESALE_BROKER,AGENCY_BILL,DUE,ACTIVE
POL_ADMIN,POL000148,PNC-2025-100148,1,"Mar 20, 2025","Mar 19, 2026","Mar 10, 2025",,,IL,USD,2836,2884,"Mar 10, 2025",2884,0,"Aug 02, 2025",FALSE,"Aug 12, 2025",FALSE,,CAPTIVE_AGENT,MONTHLY_10,PAID,ACTIVE
POL_ADMIN,POL000149,PNC-2025-100149,1,"Mar 23, 2025","Mar 22, 2026","Mar 12, 2025",,,GA,USD,2763,2763,,0,2763,"Sep 04, 2025",FALSE,"Sep 19, 2025",FALSE,,MARKETPLACE,AGENCY_BILL,SCHEDULED,ISSUED
POL_ADMIN,POL000150,PNC-2025-100150,1,"Mar 26, 2025","Mar 25, 2026","Mar 14, 2025",,,NJ,USD,7360,7408,,0,7408,"Apr 10, 2025",TRUE,"Apr 20, 2025",FALSE,,BANCASSURANCE,MONTHLY_10,SCHEDULED,RENEWAL_PENDING
POL_ADMIN,POL000151,PNC-2025-100151,1,"Mar 29, 2025","Mar 28, 2026","Mar 16, 2025",,,AZ,USD,3280,3280,"Mar 19, 2025",1640,1640,"May 13, 2025",FALSE,"May 28, 2025",FALSE,"Aug 12, 2025",INDEPENDENT_AGENT,AGENCY_BILL,PARTIALLY_PAID,REINSTATED
POL_ADMIN,POL000152,PNC-2025-100152,1,"Apr 01, 2025","Mar 31, 2026","Mar 18, 2025",,,TN,USD,2920,2968,,0,2968,"Jun 15, 2025",FALSE,"Jun 25, 2025",FALSE,,DIRECT_ONLINE,MONTHLY_10,AUTHORIZED,UNDER_REVIEW
POL_ADMIN,POL000153,PNC-2025-100153,2,"Apr 04, 2025","Apr 03, 2026","Mar 20, 2025",,,WI,USD,3576,3576,"Mar 25, 2025",1609,0,"Jul 18, 2025",FALSE,"Aug 02, 2025",FALSE,,EMBEDDED_PARTNER,AGENCY_BILL,REFUNDED,EXPIRED
POL_ADMIN,POL000154,PNC-2025-100154,1,"Apr 07, 2025","Apr 06, 2026","Mar 22, 2025",,,TX,USD,6144,6192,,0,6192,"Aug 20, 2025",TRUE,"Aug 30, 2025",FALSE,,WHOLESALE_BROKER,MONTHLY_12,SCHEDULED,ACTIVE
POL_ADMIN,POL000155,PNC-2025-100155,1,"Apr 10, 2025","Apr 09, 2026","Mar 24, 2025",,,PA,USD,9099,9147,,0,9147,"Sep 22, 2025",FALSE,"Sep 27, 2025",FALSE,,CAPTIVE_AGENT,PREMIUM_FINANCE,DUE,ACTIVE
POL_ADMIN,POL000156,PNC-2025-100156,1,"Apr 13, 2025","Apr 12, 2026","Mar 26, 2025",,,NC,USD,4020,4068,"Apr 03, 2025",4068,0,"Apr 28, 2025",FALSE,"May 08, 2025",FALSE,,MARKETPLACE,MONTHLY_12,PAID,ACTIVE
POL_ADMIN,POL000157,PNC-2025-100157,1,"Apr 16, 2025","Apr 15, 2026","Mar 28, 2025",,,VA,USD,3859,3907,"Apr 06, 2025",1954,1953,"May 31, 2025",FALSE,"Jun 05, 2025",FALSE,,BANCASSURANCE,PREMIUM_FINANCE,PARTIALLY_PAID,ISSUED
POL_ADMIN,POL000158,PNC-2025-100158,1,"Apr 19, 2025","Apr 18, 2026","Mar 30, 2025",,,CO,USD,3996,4044,,0,4044,"Jul 03, 2025",TRUE,"Jul 13, 2025",FALSE,,INDEPENDENT_AGENT,MONTHLY_12,SCHEDULED,BOUND
POL_ADMIN,POL000159,PNC-2025-100159,1,"Apr 22, 2025","Apr 21, 2026","Apr 01, 2025",,,MO,USD,4464,4512,"Apr 12, 2025",1579,2933,"Aug 05, 2025",FALSE,"Aug 10, 2025",FALSE,"Sep 13, 2025",DIRECT_ONLINE,PREMIUM_FINANCE,PARTIALLY_PAID,REINSTATED
POL_ADMIN,POL000160,PNC-2025-100160,1,"Apr 25, 2025","Apr 24, 2026","Apr 03, 2025",,,CA,USD,9232,9280,,0,9280,"Sep 07, 2025",FALSE,"Sep 17, 2025",FALSE,,AFFINITY_GROUP,MONTHLY_12,SCHEDULED,APPLICATION
POL_ADMIN,POL000161,PNC-2025-100161,1,"Apr 28, 2025","Apr 27, 2026","Apr 05, 2025","Dec 05, 2025",Non-payment of premium,FL,USD,5236,5284,"Apr 18, 2025",0,0,"Oct 10, 2025",FALSE,"Oct 15, 2025",FALSE,,BROKER,PREMIUM_FINANCE,VOIDED,CANCELLED
POL_ADMIN,POL000162,PNC-2025-100162,1,"May 01, 2025","Apr 30, 2026","Apr 07, 2025",,,OH,USD,4908,4956,,0,4956,"May 16, 2025",TRUE,"May 26, 2025",FALSE,,CAPTIVE_AGENT,MONTHLY_12,SCHEDULED,ACTIVE
POL_ADMIN,POL000163,PNC-2025-100163,1,"May 04, 2025","May 03, 2026","Apr 09, 2025",,,MI,USD,5055,5103,,0,5103,"Jun 18, 2025",FALSE,"Jun 23, 2025",FALSE,,MARKETPLACE,PREMIUM_FINANCE,DUE,ACTIVE
POL_ADMIN,POL000164,PNC-2025-100164,3,"May 07, 2025","May 06, 2026","Apr 11, 2025",,,WA,USD,5203,5251,"Apr 27, 2025",5251,0,"Jul 21, 2025",FALSE,"Jul 31, 2025",FALSE,,BANCASSURANCE,MONTHLY_12,PAID,ACTIVE
POL_ADMIN,POL000165,PNC-2025-100165,1,"May 10, 2025","May 09, 2026","Apr 13, 2025",,,MA,USD,11644,11644,"Apr 30, 2025",11644,0,"Aug 23, 2025",TRUE,,FALSE,,INDEPENDENT_AGENT,PAY_FULL,PAID,ISSUED
POL_ADMIN,POL000166,PNC-2025-100166,1,"May 13, 2025","May 12, 2026","Apr 15, 2025",,,MN,USD,5092,5092,,0,5092,"Sep 25, 2025",TRUE,"Oct 10, 2025",FALSE,,DIRECT_ONLINE,EFT_MONTHLY,PROCESSING,BOUND
POL_ADMIN,POL000167,PNC-2025-100167,1,"May 16, 2025","May 15, 2026","Apr 17, 2025",,,NY,USD,5647,5647,"May 06, 2025",3671,1976,"Oct 28, 2025",TRUE,,FALSE,"Oct 15, 2025",AFFINITY_GROUP,PAY_FULL,PARTIALLY_PAID,REINSTATED
POL_ADMIN,POL000168,PNC-2025-100168,1,"May 19, 2025","May 18, 2026","May 17, 2025",,,IL,USD,8146,8146,,0,8146,"Jun 03, 2025",FALSE,"Jun 18, 2025",FALSE,,BROKER,EFT_MONTHLY,DUE,APPLICATION
POL_ADMIN,POL000169,PNC-2025-100169,1,"May 22, 2025","May 21, 2026","May 19, 2025","Jan 06, 2026",Non-payment of premium,GA,USD,3962,3962,"May 12, 2025",1783,0,"Jul 06, 2025",TRUE,,FALSE,,CALL_CENTER,PAY_FULL,REFUNDED,CANCELLED
POL_ADMIN,POL000170,PNC-2025-100170,2,"May 25, 2025","May 24, 2026","May 21, 2025",,,NJ,USD,14314,14314,,0,14314,"Aug 08, 2025",TRUE,"Aug 23, 2025",FALSE,,EMBEDDED_PARTNER,EFT_MONTHLY,SCHEDULED,ACTIVE
POL_ADMIN,POL000171,PNC-2025-100171,1,"May 28, 2025","May 27, 2026","May 23, 2025",,,AZ,USD,6239,6239,,0,6239,"Sep 10, 2025",TRUE,,FALSE,,BANCASSURANCE,PAY_FULL,DUE,ACTIVE
POL_ADMIN,POL000172,PNC-2025-100172,1,"May 31, 2025","May 30, 2026","May 25, 2025",,,TN,USD,6387,6387,"May 21, 2025",6387,0,"Oct 13, 2025",FALSE,"Oct 28, 2025",FALSE,,INDEPENDENT_AGENT,EFT_MONTHLY,PAID,ACTIVE
POL_ADMIN,POL000173,PNC-2025-100173,1,"Jun 03, 2025","Jun 02, 2026","May 27, 2025",,,WI,USD,6051,6051,,0,6051,"Nov 15, 2025",TRUE,,FALSE,,DIRECT_ONLINE,PAY_FULL,SCHEDULED,ISSUED
POL_ADMIN,POL000174,PNC-2025-100174,1,"Jun 06, 2025","Jun 05, 2026","May 29, 2025",,,TX,USD,6188,6188,,0,6188,"Jun 21, 2025",TRUE,"Jul 06, 2025",FALSE,,AFFINITY_GROUP,EFT_MONTHLY,AUTHORIZED,BOUND
POL_ADMIN,POL000175,PNC-2025-100175,1,"Jun 09, 2025","Jun 08, 2026","May 31, 2025",,,PA,USD,16053,16053,"May 30, 2025",8027,8026,"Jul 24, 2025",TRUE,,FALSE,"Nov 16, 2025",BROKER,PAY_FULL,PARTIALLY_PAID,REINSTATED
POL_ADMIN,POL000176,PNC-2025-100176,1,"Jun 12, 2025","Jun 11, 2026","Jun 02, 2025",,,NC,USD,5945,5945,,0,5945,"Aug 26, 2025",FALSE,,FALSE,,CALL_CENTER,MORTGAGE_ESCROW,PROCESSING,APPLICATION
POL_ADMIN,POL000177,PNC-2025-100177,1,"Jun 15, 2025","Jun 14, 2026","Jun 04, 2025","Feb 07, 2026",Non-payment of premium,VA,USD,4751,4775,"Jun 05, 2025",0,0,"Sep 28, 2025",TRUE,"Oct 08, 2025",FALSE,,EMBEDDED_PARTNER,SEMI_ANNUAL,CANCELLED,CANCELLED
POL_ADMIN,POL000178,PNC-2025-100178,1,"Jun 18, 2025","Jun 17, 2026","Jun 06, 2025","Feb 11, 2026",Non-renewed due to underwriting guidelines,CO,USD,4850,4850,"Jun 08, 2025",4850,0,"Oct 31, 2025",FALSE,,FALSE,,WHOLESALE_BROKER,MORTGAGE_ESCROW,PAID,NON_RENEWED
POL_ADMIN,POL000179,PNC-2025-100179,1,"Jun 21, 2025","Jun 20, 2026","Jun 08, 2025",,,MO,USD,835,859,,0,859,"Dec 03, 2025",TRUE,"Dec 13, 2025",FALSE,,CAPTIVE_AGENT,SEMI_ANNUAL,DUE,ACTIVE
POL_ADMIN,POL000180,PNC-2025-100180,1,"Jun 24, 2025","Jun 23, 2026","Jun 10, 2025",,,CA,USD,2310,2310,"Jun 14, 2025",2310,0,"Jul 09, 2025",FALSE,,FALSE,,DIRECT_ONLINE,MORTGAGE_ESCROW,PAID,ACTIVE
POL_ADMIN,POL000181,PNC-2025-100181,1,"Jun 27, 2025","Jun 26, 2026","Jun 12, 2025",,,FL,USD,1047,1071,"Jun 17, 2025",536,535,"Aug 11, 2025",TRUE,"Aug 21, 2025",FALSE,,AFFINITY_GROUP,SEMI_ANNUAL,PARTIALLY_PAID,ISSUED
POL_ADMIN,POL000182,PNC-2025-100182,1,"Jun 30, 2025","Jun 29, 2026","Jun 14, 2025",,,OH,USD,1954,1954,,0,1954,"Sep 13, 2025",FALSE,,FALSE,,BROKER,MORTGAGE_ESCROW,SCHEDULED,BOUND
POL_ADMIN,POL000183,PNC-2025-100183,1,"Jul 03, 2025","Jul 02, 2026","Jun 16, 2025",,,MI,USD,1427,1451,,0,1451,"Oct 16, 2025",TRUE,"Oct 26, 2025",FALSE,,CALL_CENTER,SEMI_ANNUAL,SCHEDULED,RENEWAL_PENDING
POL_ADMIN,POL000184,PNC-2025-100184,1,"Jul 06, 2025","Jul 05, 2026","Jun 18, 2025",,,WA,USD,1341,1341,,0,1341,"Nov 18, 2025",FALSE,,FALSE,,EMBEDDED_PARTNER,MORTGAGE_ESCROW,SCHEDULED,APPLICATION
POL_ADMIN,POL000185,PNC-2025-100185,1,"Jul 09, 2025","Jul 08, 2026","Jun 20, 2025","Nov 01, 2025",Temporary suspension pending premium resolution,MA,USD,4048,4072,,0,4072,"Dec 21, 2025",TRUE,"Dec 31, 2025",FALSE,,WHOLESALE_BROKER,SEMI_ANNUAL,FAILED,SUSPENDED
POL_ADMIN,POL000186,PNC-2025-100186,1,"Jul 12, 2025","Jul 11, 2026","Jun 22, 2025","Mar 15, 2026",Premium not received before lapse date,MN,USD,1247,1247,"Aug 01, 2025",312,935,"Jul 27, 2025",FALSE,,TRUE,,CAPTIVE_AGENT,MORTGAGE_ESCROW,DELINQUENT,LAPSED
POL_ADMIN,POL000187,PNC-2025-100187,2,"Jul 15, 2025","Jul 14, 2026","Jun 24, 2025",,,NY,USD,2019,2043,,0,2043,"Aug 29, 2025",TRUE,"Sep 08, 2025",FALSE,,MARKETPLACE,QUARTERLY,DUE,ACTIVE
POL_ADMIN,POL000188,PNC-2025-100188,1,"Jul 18, 2025","Jul 17, 2026","Jun 26, 2025",,,IL,USD,2166,2166,"Jul 08, 2025",2166,0,"Oct 01, 2025",FALSE,"Oct 08, 2025",FALSE,,BANCASSURANCE,PAYROLL_DEDUCT,PAID,ACTIVE
POL_ADMIN,POL000189,PNC-2025-100189,1,"Jul 21, 2025","Jul 20, 2026","Jun 28, 2025",,,GA,USD,3536,3560,"Jul 11, 2025",3560,0,"Nov 03, 2025",TRUE,"Nov 13, 2025",FALSE,,BROKER,QUARTERLY,PAID,ISSUED
POL_ADMIN,POL000190,PNC-2025-100190,1,"Jul 24, 2025","Jul 23, 2026","Jun 30, 2025",,,NJ,USD,5358,5358,,0,5358,"Dec 06, 2025",TRUE,"Dec 13, 2025",FALSE,,CALL_CENTER,PAYROLL_DEDUCT,PROCESSING,BOUND
POL_ADMIN,POL000191,PNC-2025-100191,1,"Jul 27, 2025","Jul 26, 2026","Jul 02, 2025",,,AZ,USD,2610,2634,"Jul 17, 2025",1712,922,"Jan 08, 2026",TRUE,"Jan 18, 2026",FALSE,,EMBEDDED_PARTNER,QUARTERLY,PARTIALLY_PAID,RENEWAL_PENDING
POL_ADMIN,POL000192,PNC-2025-100192,1,"Jul 30, 2025","Jul 29, 2026","Jul 04, 2025",,,TN,USD,2350,2350,,0,2350,"Aug 14, 2025",FALSE,"Aug 21, 2025",FALSE,,WHOLESALE_BROKER,PAYROLL_DEDUCT,DUE,QUOTE
POL_ADMIN,POL000193,PNC-2025-100193,1,"Aug 02, 2025","Aug 01, 2026","Jul 06, 2025","Dec 03, 2025",Temporary suspension pending premium resolution,WI,USD,2906,2930,,0,2930,"Sep 16, 2025",TRUE,"Sep 26, 2025",TRUE,,CAPTIVE_AGENT,QUARTERLY,DELINQUENT,SUSPENDED
POL_ADMIN,POL000194,PNC-2025-100194,1,"Aug 05, 2025","Aug 04, 2026","Jul 08, 2025","Apr 16, 2026",Premium not received before lapse date,TX,USD,2036,2036,"Aug 25, 2025",509,1527,"Oct 19, 2025",TRUE,"Oct 26, 2025",TRUE,,MARKETPLACE,PAYROLL_DEDUCT,DELINQUENT,LAPSED
POL_ADMIN,POL000195,PNC-2025-100195,1,"Aug 08, 2025","Aug 07, 2026","Jul 10, 2025",,,PA,USD,7525,7549,,0,7549,"Nov 21, 2025",TRUE,"Dec 01, 2025",FALSE,,BANCASSURANCE,QUARTERLY,DUE,ACTIVE
POL_ADMIN,POL000196,PNC-2025-100196,1,"Aug 11, 2025","Aug 10, 2026","Aug 09, 2025",,,NC,USD,5528,5528,"Aug 01, 2025",5528,0,"Dec 24, 2025",FALSE,"Dec 31, 2025",FALSE,,INDEPENDENT_AGENT,PAYROLL_DEDUCT,PAID,ACTIVE
POL_ADMIN,POL000197,PNC-2025-100197,1,"Aug 14, 2025","Aug 13, 2026","Aug 11, 2025",,,VA,USD,3239,3263,,0,3263,"Jan 26, 2026",TRUE,"Feb 05, 2026",FALSE,,DIRECT_ONLINE,QUARTERLY,SCHEDULED,ISSUED
POL_ADMIN,POL000198,PNC-2025-100198,1,"Aug 17, 2025","Aug 16, 2026","Aug 13, 2025",,,CO,USD,3376,3376,,0,3376,"Sep 01, 2025",FALSE,"Sep 16, 2025",FALSE,,EMBEDDED_PARTNER,AGENCY_BILL,AUTHORIZED,BOUND
POL_ADMIN,POL000199,PNC-2025-100199,1,"Aug 20, 2025","Aug 19, 2026","Aug 15, 2025",,,MO,USD,3794,3842,,0,3842,"Oct 04, 2025",TRUE,"Oct 14, 2025",FALSE,,WHOLESALE_BROKER,MONTHLY_10,DUE,RENEWAL_PENDING
POL_ADMIN,POL000200,PNC-2025-100200,1,"Aug 23, 2025","Aug 22, 2026","Aug 17, 2025",,,CA,USD,7891,7891,,0,7891,"Nov 06, 2025",FALSE,"Nov 21, 2025",FALSE,,CAPTIVE_AGENT,AGENCY_BILL,DUE,QUOTE
POL_ADMIN,POL000201,PNC-2025-100201,1,"Aug 26, 2025","Aug 25, 2026","Aug 19, 2025","Jan 04, 2026",Temporary suspension pending premium resolution,FL,USD,4090,4138,,0,4138,"Dec 09, 2025",TRUE,"Dec 19, 2025",TRUE,,MARKETPLACE,MONTHLY_10,PAST_DUE,SUSPENDED
POL_ADMIN,POL000202,PNC-2025-100202,1,"Aug 29, 2025","Aug 28, 2026","Aug 21, 2025","May 18, 2026",Premium not received before lapse date,OH,USD,2825,2825,"Sep 18, 2025",706,2119,"Jan 11, 2026",FALSE,"Jan 26, 2026",TRUE,,BANCASSURANCE,AGENCY_BILL,DELINQUENT,LAPSED
POL_ADMIN,POL000203,PNC-2025-100203,1,"Sep 01, 2025","Aug 31, 2026","Aug 23, 2025",,,MI,USD,7237,7285,,0,7285,"Feb 13, 2026",TRUE,"Feb 23, 2026",FALSE,,INDEPENDENT_AGENT,MONTHLY_10,DUE,ACTIVE
POL_ADMIN,POL000204,PNC-2025-100204,2,"Sep 04, 2025","Sep 03, 2026","Aug 25, 2025",,,WA,USD,4534,4534,"Aug 25, 2025",4534,0,"Sep 19, 2025",FALSE,"Oct 04, 2025",FALSE,,DIRECT_ONLINE,AGENCY_BILL,PAID,ACTIVE
POL_ADMIN,POL000205,PNC-2025-100205,3,"Sep 07, 2025","Sep 06, 2026","Aug 27, 2025",,,MA,USD,10187,10235,"Aug 28, 2025",5118,5117,"Oct 22, 2025",TRUE,"Nov 01, 2025",FALSE,,AFFINITY_GROUP,MONTHLY_10,PARTIALLY_PAID,ISSUED
POL_ADMIN,POL000206,PNC-2025-100206,1,"Sep 10, 2025","Sep 09, 2026","Aug 29, 2025",,,MN,USD,4472,4472,,0,4472,"Nov 24, 2025",FALSE,"Dec 09, 2025",FALSE,,BROKER,AGENCY_BILL,SCHEDULED,ISSUED
POL_ADMIN,POL000207,PNC-2025-100207,1,"Sep 13, 2025","Sep 12, 2026","Aug 31, 2025",,,NY,USD,4978,5026,,0,5026,"Dec 27, 2025",TRUE,"Jan 06, 2026",FALSE,,CAPTIVE_AGENT,MONTHLY_10,SCHEDULED,RENEWAL_PENDING
POL_ADMIN,POL000208,PNC-2025-100208,1,"Sep 16, 2025","Sep 15, 2026","Sep 02, 2025",,,IL,USD,4366,4366,,0,4366,"Jan 29, 2026",FALSE,"Feb 13, 2026",FALSE,,MARKETPLACE,AGENCY_BILL,DUE,QUOTE
POL_ADMIN,POL000209,PNC-2025-100209,1,"Sep 19, 2025","Sep 18, 2026","Sep 04, 2025",,,GA,USD,4492,4540,,0,4540,"Mar 03, 2026",TRUE,"Mar 13, 2026",FALSE,,BANCASSURANCE,MONTHLY_12,AUTHORIZED,UNDER_REVIEW
POL_ADMIN,POL000210,PNC-2025-100210,1,"Sep 22, 2025","Sep 21, 2026","Sep 06, 2025",,,NJ,USD,12741,12789,"Sep 12, 2025",12789,0,"Oct 07, 2025",FALSE,"Oct 12, 2025",FALSE,,INDEPENDENT_AGENT,PREMIUM_FINANCE,PAID,EXPIRED
POL_ADMIN,POL000211,PNC-2025-100211,1,"Sep 25, 2025","Sep 24, 2026","Sep 08, 2025",,,AZ,USD,5570,5618,,0,5618,"Nov 09, 2025",TRUE,"Nov 19, 2025",FALSE,,DIRECT_ONLINE,MONTHLY_12,DUE,ACTIVE
POL_ADMIN,POL000212,PNC-2025-100212,1,"Sep 28, 2025","Sep 27, 2026","Sep 10, 2025",,,TN,USD,5718,5766,"Sep 18, 2025",5766,0,"Dec 12, 2025",FALSE,"Dec 17, 2025",FALSE,,AFFINITY_GROUP,PREMIUM_FINANCE,PAID,ACTIVE
POL_ADMIN,POL000213,PNC-2025-100213,1,"Oct 01, 2025","Sep 30, 2026","Sep 12, 2025",,,WI,USD,5431,5479,"Sep 21, 2025",5479,0,"Jan 14, 2026",TRUE,"Jan 24, 2026",FALSE,,BROKER,MONTHLY_12,PAID,ISSUED
POL_ADMIN,POL000214,PNC-2025-100214,1,"Oct 04, 2025","Oct 03, 2026","Sep 14, 2025",,,TX,USD,5568,5616,"Sep 24, 2025",2808,2808,"Feb 16, 2026",FALSE,"Feb 21, 2026",FALSE,,CALL_CENTER,PREMIUM_FINANCE,PARTIALLY_PAID,ISSUED
POL_ADMIN,POL000215,PNC-2025-100215,1,"Oct 07, 2025","Oct 06, 2026","Sep 16, 2025",,,PA,USD,14479,14527,"Sep 27, 2025",9443,5084,"Mar 21, 2026",TRUE,"Mar 31, 2026",FALSE,,EMBEDDED_PARTNER,MONTHLY_12,PARTIALLY_PAID,RENEWAL_PENDING
POL_ADMIN,POL000216,PNC-2025-100216,1,"Oct 10, 2025","Oct 09, 2026","Sep 18, 2025",,,NC,USD,5375,5423,,0,5423,"Oct 25, 2025",FALSE,"Oct 30, 2025",FALSE,,BANCASSURANCE,PREMIUM_FINANCE,DUE,QUOTE
POL_ADMIN,POL000217,PNC-2025-100217,1,"Oct 13, 2025","Oct 12, 2026","Sep 20, 2025",,,VA,USD,9076,9124,,0,9124,"Nov 27, 2025",TRUE,"Dec 07, 2025",FALSE,,INDEPENDENT_AGENT,MONTHLY_12,SCHEDULED,UNDER_REVIEW
POL_ADMIN,POL000218,PNC-2025-100218,1,"Oct 16, 2025","Oct 15, 2026","Sep 22, 2025",,,CO,USD,6605,6653,"Oct 06, 2025",6653,0,"Dec 30, 2025",FALSE,"Jan 04, 2026",FALSE,,DIRECT_ONLINE,PREMIUM_FINANCE,PAID,EXPIRED
POL_ADMIN,POL000219,PNC-2025-100219,1,"Oct 19, 2025","Oct 18, 2026","Sep 24, 2025",,,MO,USD,6753,6801,,0,6801,"Feb 01, 2026",TRUE,"Feb 11, 2026",FALSE,,AFFINITY_GROUP,MONTHLY_12,DUE,ACTIVE
POL_ADMIN,POL000220,PNC-2025-100220,1,"Oct 22, 2025","Oct 21, 2026","Sep 26, 2025",,,CA,USD,16218,16218,"Oct 12, 2025",16218,0,"Mar 06, 2026",FALSE,,FALSE,,BROKER,PAY_FULL,PAID,ACTIVE
POL_ADMIN,POL000221,PNC-2025-100221,2,"Oct 25, 2025","Oct 24, 2026","Sep 28, 2025",,,FL,USD,7049,7049,"Oct 15, 2025",4582,2467,"Apr 08, 2026",TRUE,"Apr 23, 2026",FALSE,,CALL_CENTER,EFT_MONTHLY,PARTIALLY_PAID,ACTIVE
POL_ADMIN,POL000222,PNC-2025-100222,1,"Oct 28, 2025","Oct 27, 2026","Sep 30, 2025",,,OH,USD,6664,6664,"Oct 18, 2025",6664,0,"Nov 12, 2025",TRUE,,FALSE,,EMBEDDED_PARTNER,PAY_FULL,PAID,ISSUED
POL_ADMIN,POL000223,PNC-2025-100223,1,"Oct 31, 2025","Oct 30, 2026","Oct 02, 2025",,,MI,USD,757,757,,0,757,"Dec 15, 2025",TRUE,"Dec 30, 2025",FALSE,,WHOLESALE_BROKER,EFT_MONTHLY,DUE,RENEWAL_PENDING
POL_ADMIN,POL000224,PNC-2025-100224,1,"Nov 03, 2025","Nov 02, 2026","Nov 01, 2025",,,WA,USD,1493,1493,"Oct 24, 2025",1493,0,"Jan 17, 2026",FALSE,,FALSE,"Mar 02, 2026",CAPTIVE_AGENT,PAY_FULL,PAID,REINSTATED
POL_ADMIN,POL000225,PNC-2025-100225,1,"Nov 06, 2025","Nov 05, 2026","Nov 03, 2025",,,MA,USD,2108,2108,,0,2108,"Feb 19, 2026",TRUE,"Mar 06, 2026",FALSE,,DIRECT_ONLINE,EFT_MONTHLY,DUE,UNDER_REVIEW
POL_ADMIN,POL000226,PNC-2025-100226,1,"Nov 09, 2025","Nov 08, 2026","Nov 05, 2025",,,MN,USD,1201,1201,"Oct 30, 2025",1201,0,"Mar 24, 2026",TRUE,,FALSE,,AFFINITY_GROUP,PAY_FULL,PAID,EXPIRED
POL_ADMIN,POL000227,PNC-2025-100227,1,"Nov 12, 2025","Nov 11, 2026","Nov 07, 2025",,,NY,USD,1349,1349,,0,1349,"Apr 26, 2026",TRUE,"May 11, 2026",FALSE,,BROKER,EFT_MONTHLY,DUE,ACTIVE
POL_ADMIN,POL000228,PNC-2025-100228,1,"Nov 15, 2025","Nov 14, 2026","Nov 09, 2025",,,IL,USD,1497,1497,"Nov 05, 2025",1497,0,"Nov 30, 2025",FALSE,,FALSE,,CALL_CENTER,PAY_FULL,PAID,ACTIVE
POL_ADMIN,POL000229,PNC-2025-100229,1,"Nov 18, 2025","Nov 17, 2026","Nov 11, 2025",,,GA,USD,1645,1645,"Nov 08, 2025",823,822,"Jan 02, 2026",TRUE,"Jan 17, 2026",FALSE,,EMBEDDED_PARTNER,EFT_MONTHLY,PARTIALLY_PAID,ACTIVE
POL_ADMIN,POL000230,PNC-2025-100230,1,"Nov 21, 2025","Nov 20, 2026","Nov 13, 2025",,,NJ,USD,3901,3901,,0,3901,"Feb 04, 2026",TRUE,,FALSE,,WHOLESALE_BROKER,PAY_FULL,SCHEDULED,ISSUED
POL_ADMIN,POL000231,PNC-2025-100231,1,"Nov 24, 2025","Nov 23, 2026","Nov 15, 2025",,,AZ,USD,2965,2965,,0,2965,"Mar 09, 2026",FALSE,,FALSE,,CAPTIVE_AGENT,MORTGAGE_ESCROW,AUTHORIZED,BOUND
POL_ADMIN,POL000232,PNC-2025-100232,1,"Nov 27, 2025","Nov 26, 2026","Nov 17, 2025",,,TN,USD,2089,2113,"Nov 17, 2025",2113,0,"Apr 11, 2026",FALSE,"Apr 21, 2026",FALSE,"Apr 03, 2026",MARKETPLACE,SEMI_ANNUAL,PAID,REINSTATED
POL_ADMIN,POL000233,PNC-2025-100233,1,"Nov 30, 2025","Nov 29, 2026","Nov 19, 2025",,,WI,USD,1905,1905,,0,1905,"May 14, 2026",FALSE,,FALSE,,BANCASSURANCE,MORTGAGE_ESCROW,PROCESSING,APPLICATION
POL_ADMIN,POL000234,PNC-2025-100234,1,"Dec 03, 2025","Dec 02, 2026","Nov 21, 2025","Feb 25, 2026",Coverage replaced by rewritten policy,TX,USD,1590,1614,"Nov 23, 2025",0,0,"Dec 18, 2025",TRUE,"Dec 28, 2025",FALSE,,BROKER,SEMI_ANNUAL,CANCELLED,CANCELLED
POL_ADMIN,POL000235,PNC-2025-100235,1,"Dec 06, 2025","Dec 05, 2026","Nov 23, 2025",,,PA,USD,5952,5952,,0,5952,"Jan 20, 2026",FALSE,,FALSE,,CALL_CENTER,MORTGAGE_ESCROW,DUE,ACTIVE
POL_ADMIN,POL000236,PNC-2025-100236,1,"Dec 09, 2025","Dec 08, 2026","Nov 25, 2025",,,NC,USD,2681,2705,"Nov 29, 2025",2705,0,"Feb 22, 2026",FALSE,"Mar 04, 2026",FALSE,,EMBEDDED_PARTNER,SEMI_ANNUAL,PAID,ACTIVE
POL_ADMIN,POL000237,PNC-2025-100237,1,"Dec 12, 2025","Dec 11, 2026","Nov 27, 2025",,,VA,USD,2829,2829,"Dec 02, 2025",990,1839,"Mar 27, 2026",FALSE,,FALSE,,WHOLESALE_BROKER,MORTGAGE_ESCROW,PARTIALLY_PAID,ACTIVE
POL_ADMIN,POL000238,PNC-2025-100238,2,"Dec 15, 2025","Dec 14, 2026","Nov 29, 2025",,,CO,USD,4547,4571,"Dec 05, 2025",2286,2285,"Apr 29, 2026",TRUE,"May 09, 2026",FALSE,,CAPTIVE_AGENT,SEMI_ANNUAL,PARTIALLY_PAID,ISSUED
POL_ADMIN,POL000239,PNC-2025-100239,1,"Dec 18, 2025","Dec 17, 2026","Dec 01, 2025",,,MO,USD,2893,2893,,0,2893,"Jun 01, 2026",FALSE,,FALSE,,MARKETPLACE,MORTGAGE_ESCROW,SCHEDULED,BOUND
POL_ADMIN,POL000240,PNC-2025-100240,1,"Dec 21, 2025","Dec 20, 2026","Dec 03, 2025",,,CA,USD,7690,7714,"Dec 11, 2025",7714,0,"Jan 05, 2026",FALSE,"Jan 15, 2026",FALSE,"May 05, 2026",BANCASSURANCE,SEMI_ANNUAL,PAID,REINSTATED
POL_ADMIN,POL000241,PNC-2025-100241,1,"Dec 24, 2025","Dec 23, 2026","Dec 05, 2025",,,FL,USD,2914,2914,,0,2914,"Feb 07, 2026",FALSE,,FALSE,,INDEPENDENT_AGENT,MORTGAGE_ESCROW,SCHEDULED,APPLICATION
POL_ADMIN,POL000242,PNC-2025-100242,1,"Dec 27, 2025","Dec 26, 2026","Dec 07, 2025","Mar 29, 2026",Coverage replaced by rewritten policy,OH,USD,2379,2403,"Dec 17, 2025",0,0,"Mar 12, 2026",TRUE,"Mar 22, 2026",FALSE,,DIRECT_ONLINE,QUARTERLY,VOIDED,CANCELLED
POL_ADMIN,POL000243,PNC-2025-100243,1,"Dec 30, 2025","Dec 29, 2026","Dec 09, 2025",,,MI,USD,3716,3716,,0,3716,"Apr 14, 2026",TRUE,"Apr 21, 2026",FALSE,,EMBEDDED_PARTNER,PAYROLL_DEDUCT,DUE,ACTIVE
POL_ADMIN,POL000244,PNC-2026-100244,1,"Jan 02, 2026","Jan 01, 2027","Dec 11, 2025",,,WA,USD,3864,3888,"Dec 23, 2025",3888,0,"May 17, 2026",FALSE,"May 27, 2026",FALSE,,WHOLESALE_BROKER,QUARTERLY,PAID,ACTIVE
POL_ADMIN,POL000245,PNC-2026-100245,1,"Jan 05, 2026","Jan 04, 2027","Dec 13, 2025",,,MA,USD,9429,9429,"Dec 26, 2025",6129,3300,"Jun 19, 2026",TRUE,"Jun 26, 2026",FALSE,,CAPTIVE_AGENT,PAYROLL_DEDUCT,PARTIALLY_PAID,ACTIVE
POL_ADMIN,POL000246,PNC-2026-100246,3,"Jan 08, 2026","Jan 07, 2027","Dec 15, 2025",,,MN,USD,3852,3876,"Dec 29, 2025",3876,0,"Jan 23, 2026",TRUE,"Feb 02, 2026",FALSE,,MARKETPLACE,QUARTERLY,PAID,ISSUED
POL_ADMIN,POL000247,PNC-2026-100247,1,"Jan 11, 2026","Jan 10, 2027","Dec 17, 2025",,,NY,USD,3989,3989,,0,3989,"Feb 25, 2026",TRUE,"Mar 04, 2026",FALSE,,BANCASSURANCE,PAYROLL_DEDUCT,PROCESSING,BOUND
POL_ADMIN,POL000248,PNC-2026-100248,1,"Jan 14, 2026","Jan 13, 2027","Dec 19, 2025",,,IL,USD,4456,4480,"Jan 04, 2026",4480,0,"Mar 30, 2026",FALSE,"Apr 09, 2026",FALSE,"Jun 06, 2026",INDEPENDENT_AGENT,QUARTERLY,PAID,REINSTATED
POL_ADMIN,POL000249,PNC-2026-100249,1,"Jan 17, 2026","Jan 16, 2027","Dec 21, 2025",,,GA,USD,3922,3922,,0,3922,"May 02, 2026",TRUE,"May 09, 2026",FALSE,,DIRECT_ONLINE,PAYROLL_DEDUCT,DUE,APPLICATION
POL_ADMIN,POL000250,PNC-2026-100250,1,"Jan 20, 2026","Jan 19, 2027","Dec 23, 2025","Apr 30, 2026",Coverage replaced by rewritten policy,NJ,USD,7445,7469,"Jan 10, 2026",3361,0,"Jun 04, 2026",TRUE,"Jun 14, 2026",FALSE,,AFFINITY_GROUP,QUARTERLY,REFUNDED,CANCELLED
POL_ADMIN,POL000251,PNC-2026-100251,1,"Jan 23, 2026","Jan 22, 2027","Dec 25, 2025","May 04, 2026",Non-renewed by insured request,AZ,USD,3267,3267,"Jan 13, 2026",0,0,"Jul 07, 2026",TRUE,"Jul 14, 2026",FALSE,,BROKER,PAYROLL_DEDUCT,CANCELLED,NON_RENEWED
POL_ADMIN,POL000252,PNC-2026-100252,1,"Jan 26, 2026","Jan 25, 2027","Jan 24, 2026",,,TN,USD,8329,8353,"Jan 16, 2026",8353,0,"Feb 10, 2026",FALSE,"Feb 20, 2026",FALSE,,CAPTIVE_AGENT,QUARTERLY,PAID,ACTIVE
POL_ADMIN,POL000253,PNC-2026-100253,1,"Jan 29, 2026","Jan 28, 2027","Jan 26, 2026",,,WI,USD,5196,5196,"Jan 19, 2026",2598,2598,"Mar 15, 2026",FALSE,"Mar 30, 2026",FALSE,,MARKETPLACE,AGENCY_BILL,PARTIALLY_PAID,ACTIVE
POL_ADMIN,POL000254,PNC-2026-100254,1,"Feb 01, 2026","Jan 31, 2027","Jan 28, 2026",,,TX,USD,4948,4996,,0,4996,"Apr 17, 2026",TRUE,"Apr 27, 2026",FALSE,,BANCASSURANCE,MONTHLY_10,SCHEDULED,ISSUED
POL_ADMIN,POL000255,PNC-2026-100255,2,"Feb 04, 2026","Feb 03, 2027","Jan 30, 2026",,,PA,USD,11950,11950,,0,11950,"May 20, 2026",FALSE,"Jun 04, 2026",FALSE,,INDEPENDENT_AGENT,AGENCY_BILL,AUTHORIZED,BOUND
POL_ADMIN,POL000256,PNC-2026-100256,1,"Feb 07, 2026","Feb 06, 2027","Feb 01, 2026",,,NC,USD,5640,5688,,0,5688,"Jun 22, 2026",FALSE,"Jul 02, 2026",FALSE,,DIRECT_ONLINE,MONTHLY_10,DUE,RENEWAL_PENDING
POL_ADMIN,POL000257,PNC-2026-100257,1,"Feb 10, 2026","Feb 09, 2027","Feb 03, 2026",,,VA,USD,4930,4930,,0,4930,"Jul 25, 2026",FALSE,"Aug 09, 2026",FALSE,,AFFINITY_GROUP,AGENCY_BILL,PROCESSING,APPLICATION
POL_ADMIN,POL000258,PNC-2026-100258,1,"Feb 13, 2026","Feb 12, 2027","Feb 05, 2026","Jun 01, 2026",Temporary suspension pending premium resolution,CO,USD,5936,5984,"Mar 05, 2026",1496,4488,"Feb 28, 2026",TRUE,"Mar 10, 2026",TRUE,,BROKER,MONTHLY_10,PAST_DUE,SUSPENDED
POL_ADMIN,POL000259,PNC-2026-100259,1,"Feb 16, 2026","Feb 15, 2027","Feb 07, 2026","Jun 05, 2026",Non-renewed by insured request,MO,USD,6692,6692,"Feb 06, 2026",0,0,"Apr 02, 2026",FALSE,"Apr 17, 2026",FALSE,,CALL_CENTER,AGENCY_BILL,CANCELLED,NON_RENEWED
POL_ADMIN,POL000260,PNC-2026-100260,1,"Feb 19, 2026","Feb 18, 2027","Feb 09, 2026",,,CA,USD,14644,14692,"Feb 09, 2026",14692,0,"May 05, 2026",FALSE,"May 15, 2026",FALSE,,EMBEDDED_PARTNER,MONTHLY_10,PAID,ACTIVE
POL_ADMIN,POL000261,PNC-2026-100261,1,"Feb 22, 2026","Feb 21, 2027","Feb 11, 2026",,,FL,USD,6380,6380,"Feb 12, 2026",2233,4147,"Jun 07, 2026",FALSE,"Jun 22, 2026",FALSE,,BANCASSURANCE,AGENCY_BILL,PARTIALLY_PAID,ACTIVE
POL_ADMIN,POL000262,PNC-2026-100262,1,"Feb 25, 2026","Feb 24, 2027","Feb 13, 2026",,,OH,USD,6044,6092,"Feb 15, 2026",3046,3046,"Jul 10, 2026",TRUE,"Jul 20, 2026",FALSE,,INDEPENDENT_AGENT,MONTHLY_10,PARTIALLY_PAID,ISSUED
POL_ADMIN,POL000263,PNC-2026-100263,1,"Feb 28, 2026","Feb 27, 2027","Feb 15, 2026",,,MI,USD,6181,6181,,0,6181,"Aug 12, 2026",FALSE,"Aug 27, 2026",FALSE,,DIRECT_ONLINE,AGENCY_BILL,SCHEDULED,BOUND
POL_ADMIN,POL000264,PNC-2026-100264,1,"Mar 03, 2026","Mar 02, 2027","Feb 17, 2026",,,WA,USD,6823,6871,,0,6871,"Mar 18, 2026",FALSE,"Mar 28, 2026",FALSE,,AFFINITY_GROUP,MONTHLY_12,SCHEDULED,RENEWAL_PENDING
POL_ADMIN,POL000265,PNC-2026-100265,1,"Mar 06, 2026","Mar 05, 2027","Feb 19, 2026",,,MA,USD,13956,14004,,0,14004,"Apr 20, 2026",FALSE,"Apr 25, 2026",FALSE,,BROKER,PREMIUM_FINANCE,SCHEDULED,QUOTE
POL_ADMIN,POL000266,PNC-2026-100266,1,"Mar 09, 2026","Mar 08, 2027","Feb 21, 2026","Jul 03, 2026",Temporary suspension pending premium resolution,MN,USD,11747,11795,"Mar 29, 2026",2949,8846,"May 23, 2026",TRUE,"Jun 02, 2026",FALSE,,CALL_CENTER,MONTHLY_12,FAILED,SUSPENDED
POL_ADMIN,POL000267,PNC-2026-100267,1,"Mar 12, 2026","Mar 11, 2027","Feb 23, 2026","Jul 07, 2026",Renewal payment not received,NY,USD,4845,4893,"Mar 02, 2026",979,3914,"Jun 25, 2026",FALSE,"Jun 30, 2026",TRUE,,EMBEDDED_PARTNER,PREMIUM_FINANCE,WRITTEN_OFF,LAPSED
POL_ADMIN,POL000268,PNC-2026-100268,1,"Mar 15, 2026","Mar 14, 2027","Feb 25, 2026",,,IL,USD,827,875,"Mar 05, 2026",875,0,"Jul 28, 2026",FALSE,"Aug 07, 2026",FALSE,,WHOLESALE_BROKER,MONTHLY_12,PAID,ACTIVE
POL_ADMIN,POL000269,PNC-2026-100269,1,"Mar 18, 2026","Mar 17, 2027","Feb 27, 2026",,,GA,USD,975,1023,"Mar 08, 2026",665,358,"Aug 30, 2026",FALSE,"Sep 04, 2026",FALSE,,CAPTIVE_AGENT,PREMIUM_FINANCE,PARTIALLY_PAID,ACTIVE
POL_ADMIN,POL000270,PNC-2026-100270,1,"Mar 21, 2026","Mar 20, 2027","Mar 01, 2026",,,NJ,USD,2444,2492,"Mar 11, 2026",2492,0,"Apr 05, 2026",TRUE,"Apr 15, 2026",FALSE,,DIRECT_ONLINE,MONTHLY_12,PAID,ISSUED
POL_ADMIN,POL000271,PNC-2026-100271,1,"Mar 24, 2026","Mar 23, 2027","Mar 03, 2026",,,AZ,USD,1177,1225,,0,1225,"May 08, 2026",FALSE,"May 13, 2026",FALSE,,AFFINITY_GROUP,PREMIUM_FINANCE,PROCESSING,BOUND
POL_ADMIN,POL000272,PNC-2026-100272,2,"Mar 27, 2026","Mar 26, 2027","Mar 05, 2026",,,TN,USD,1419,1467,"Mar 17, 2026",954,513,"Jun 10, 2026",FALSE,"Jun 20, 2026",FALSE,,BROKER,MONTHLY_12,PARTIALLY_PAID,RENEWAL_PENDING
POL_ADMIN,POL000273,PNC-2026-100273,1,"Mar 30, 2026","Mar 29, 2027","Mar 07, 2026",,,WI,USD,2203,2251,,0,2251,"Jul 13, 2026",FALSE,"Jul 18, 2026",FALSE,,CALL_CENTER,PREMIUM_FINANCE,SCHEDULED,QUOTE
POL_ADMIN,POL000274,PNC-2026-100274,1,"Apr 02, 2026","Apr 01, 2027","Mar 09, 2026","Aug 04, 2026",Temporary suspension pending premium resolution,TX,USD,1715,1763,"Apr 22, 2026",441,1322,"Aug 15, 2026",TRUE,"Aug 25, 2026",TRUE,,EMBEDDED_PARTNER,MONTHLY_12,DELINQUENT,SUSPENDED
POL_ADMIN,POL000275,PNC-2026-100275,1,"Apr 05, 2026","Apr 04, 2027","Mar 11, 2026","Aug 08, 2026",Renewal payment not received,PA,USD,2919,2919,"Mar 26, 2026",584,2335,"Sep 17, 2026",TRUE,,TRUE,,WHOLESALE_BROKER,PAY_FULL,WRITTEN_OFF,LAPSED
POL_ADMIN,POL000276,PNC-2026-100276,1,"Apr 08, 2026","Apr 07, 2027","Mar 13, 2026",,,NC,USD,2011,2011,"Mar 29, 2026",2011,0,"Apr 23, 2026",FALSE,"May 08, 2026",FALSE,,CAPTIVE_AGENT,EFT_MONTHLY,PAID,ACTIVE
POL_ADMIN,POL000277,PNC-2026-100277,1,"Apr 11, 2026","Apr 10, 2027","Mar 15, 2026",,,VA,USD,2159,2159,"Apr 01, 2026",1080,1079,"May 26, 2026",TRUE,,FALSE,,MARKETPLACE,PAY_FULL,PARTIALLY_PAID,ACTIVE
POL_ADMIN,POL000278,PNC-2026-100278,1,"Apr 14, 2026","Apr 13, 2027","Mar 17, 2026",,,CO,USD,2136,2136,,0,2136,"Jun 28, 2026",TRUE,"Jul 13, 2026",FALSE,,BANCASSURANCE,EFT_MONTHLY,SCHEDULED,ISSUED
POL_ADMIN,POL000279,PNC-2026-100279,1,"Apr 17, 2026","Apr 16, 2027","Mar 19, 2026",,,MO,USD,2273,2273,"Apr 07, 2026",2273,0,"Jul 31, 2026",TRUE,,FALSE,,BROKER,PAY_FULL,PAID,ISSUED
POL_ADMIN,POL000280,PNC-2026-100280,1,"Apr 20, 2026","Apr 19, 2027","Apr 18, 2026",,,CA,USD,6117,6117,,0,6117,"Sep 02, 2026",FALSE,"Sep 17, 2026",FALSE,,CALL_CENTER,EFT_MONTHLY,DUE,RENEWAL_PENDING
POL_ADMIN,POL000281,PNC-2026-100281,1,"Apr 23, 2026","Apr 22, 2027","Apr 20, 2026",,,FL,USD,2343,2343,,0,2343,"Oct 05, 2026",TRUE,,FALSE,,EMBEDDED_PARTNER,PAY_FULL,SCHEDULED,QUOTE
POL_ADMIN,POL000282,PNC-2026-100282,1,"Apr 26, 2026","Apr 25, 2027","Apr 22, 2026",,,OH,USD,2469,2469,,0,2469,"May 11, 2026",TRUE,"May 26, 2026",FALSE,,WHOLESALE_BROKER,EFT_MONTHLY,DUE,UNDER_REVIEW
POL_ADMIN,POL000283,PNC-2026-100283,1,"Apr 29, 2026","Apr 28, 2027","Apr 24, 2026",,,MI,USD,3047,3047,"Apr 19, 2026",1371,0,"Jun 13, 2026",TRUE,,FALSE,,CAPTIVE_AGENT,PAY_FULL,REFUNDED,EXPIRED
POL_ADMIN,POL000284,PNC-2026-100284,1,"May 02, 2026","May 01, 2027","Apr 26, 2026",,,WA,USD,3195,3195,"Apr 22, 2026",3195,0,"Jul 16, 2026",FALSE,"Jul 31, 2026",FALSE,,MARKETPLACE,EFT_MONTHLY,PAID,ACTIVE
POL_ADMIN,POL000285,PNC-2026-100285,1,"May 05, 2026","May 04, 2027","Apr 28, 2026",,,MA,USD,7855,7855,"Apr 25, 2026",2749,5106,"Aug 18, 2026",TRUE,,FALSE,,BANCASSURANCE,PAY_FULL,PARTIALLY_PAID,ACTIVE
POL_ADMIN,POL000286,PNC-2026-100286,1,"May 08, 2026","May 07, 2027","Apr 30, 2026",,,MN,USD,3232,3232,"Apr 28, 2026",1616,1616,"Sep 20, 2026",FALSE,,FALSE,,INDEPENDENT_AGENT,MORTGAGE_ESCROW,PARTIALLY_PAID,ISSUED
POL_ADMIN,POL000287,PNC-2026-100287,3,"May 11, 2026","May 10, 2027","May 02, 2026",,,NY,USD,5559,5583,,0,5583,"Oct 23, 2026",TRUE,"Nov 02, 2026",FALSE,,DIRECT_ONLINE,SEMI_ANNUAL,SCHEDULED,ISSUED
POL_ADMIN,POL000288,PNC-2026-100288,1,"May 14, 2026","May 13, 2027","May 04, 2026",,,IL,USD,3786,3786,,0,3786,"May 29, 2026",FALSE,,FALSE,,EMBEDDED_PARTNER,MORTGAGE_ESCROW,SCHEDULED,RENEWAL_PENDING
POL_ADMIN,POL000289,PNC-2026-100289,2,"May 17, 2026","May 16, 2027","May 06, 2026",,,GA,USD,3352,3376,,0,3376,"Jul 01, 2026",TRUE,"Jul 11, 2026",FALSE,,WHOLESALE_BROKER,SEMI_ANNUAL,SCHEDULED,QUOTE
POL_ADMIN,POL000290,PNC-2026-100290,1,"May 20, 2026","May 19, 2027","May 08, 2026",,,NJ,USD,8172,8172,,0,8172,"Aug 03, 2026",FALSE,,FALSE,,CAPTIVE_AGENT,MORTGAGE_ESCROW,AUTHORIZED,UNDER_REVIEW
POL_ADMIN,POL000291,PNC-2026-100291,1,"May 23, 2026","May 22, 2027","May 10, 2026",,,AZ,USD,4230,4254,"May 13, 2026",1914,0,"Sep 05, 2026",TRUE,"Sep 15, 2026",FALSE,,MARKETPLACE,SEMI_ANNUAL,REFUNDED,EXPIRED
POL_ADMIN,POL000292,PNC-2026-100292,1,"May 26, 2026","May 25, 2027","May 12, 2026",,,TN,USD,4378,4378,"May 16, 2026",4378,0,"Oct 08, 2026",FALSE,,FALSE,,BANCASSURANCE,MORTGAGE_ESCROW,PAID,ACTIVE
POL_ADMIN,POL000293,PNC-2026-100293,1,"May 29, 2026","May 28, 2027","May 14, 2026",,,WI,USD,4526,4550,"May 19, 2026",2957,1593,"Nov 10, 2026",TRUE,"Nov 20, 2026",FALSE,,INDEPENDENT_AGENT,SEMI_ANNUAL,PARTIALLY_PAID,ACTIVE
POL_ADMIN,POL000294,PNC-2026-100294,1,"Jun 01, 2026","May 31, 2027","May 16, 2026",,,TX,USD,7712,7712,,0,7712,"Jun 16, 2026",FALSE,,FALSE,,DIRECT_ONLINE,MORTGAGE_ESCROW,SCHEDULED,ACTIVE
POL_ADMIN,POL000295,PNC-2026-100295,1,"Jun 04, 2026","Jun 03, 2027","May 18, 2026",,,PA,USD,10493,10517,"May 25, 2026",5259,5258,"Jul 19, 2026",TRUE,"Jul 29, 2026",FALSE,,AFFINITY_GROUP,SEMI_ANNUAL,PARTIALLY_PAID,ISSUED
POL_ADMIN,POL000296,PNC-2026-100296,1,"Jun 07, 2026","Jun 06, 2027","May 20, 2026",,,NC,USD,4970,4970,"May 28, 2026",3230,1740,"Aug 21, 2026",FALSE,,FALSE,,BROKER,MORTGAGE_ESCROW,PARTIALLY_PAID,RENEWAL_PENDING
POL_ADMIN,POL000297,PNC-2026-100297,1,"Jun 10, 2026","Jun 09, 2027","May 22, 2026",,,VA,USD,4360,4384,,0,4384,"Sep 23, 2026",TRUE,"Oct 03, 2026",FALSE,,CAPTIVE_AGENT,QUARTERLY,SCHEDULED,QUOTE
POL_ADMIN,POL000298,PNC-2026-100298,1,"Jun 13, 2026","Jun 12, 2027","May 24, 2026",,,CO,USD,4486,4486,,0,4486,"Oct 26, 2026",TRUE,"Nov 02, 2026",FALSE,,MARKETPLACE,PAYROLL_DEDUCT,SCHEDULED,UNDER_REVIEW
POL_ADMIN,POL000299,PNC-2026-100299,1,"Jun 16, 2026","Jun 15, 2027","May 26, 2026",,,MO,USD,5414,5438,"Jun 06, 2026",2447,0,"Nov 28, 2026",TRUE,"Dec 08, 2026",FALSE,,BANCASSURANCE,QUARTERLY,REFUNDED,EXPIRED
POL_ADMIN,POL000300,PNC-2026-100300,1,"Jun 19, 2026","Jun 18, 2027","May 28, 2026",,,CA,USD,13071,13071,"Jun 09, 2026",13071,0,"Jul 04, 2026",FALSE,"Jul 11, 2026",FALSE,,INDEPENDENT_AGENT,PAYROLL_DEDUCT,PAID,ACTIVE
POL_ADMIN,POL000301,PNC-2025-100301,1,"Aug 04, 2025","Aug 03, 2026","Jul 21, 2025",,,TN,USD,5053,5053,"Jul 21, 2025",5053,0,"Sep 18, 2025",FALSE,,FALSE,,CAPTIVE_AGENT,MORTGAGE_ESCROW,PAID,ACTIVE
POL_ADMIN,POL000302,PNC-2026-100302,1,"Feb 15, 2026","Feb 14, 2027","Feb 01, 2026",,,VA,USD,1282,1282,"Feb 01, 2026",641,641,"Apr 01, 2026",TRUE,"Apr 16, 2026",FALSE,,BROKER,PAYROLL_DEDUCT,PARTIALLY_PAID,ACTIVE
POL_ADMIN,POL000303,PNC-2026-100303,1,"Nov 09, 2026","Nov 08, 2027","Oct 26, 2026",,,MN,USD,1273,1273,"Oct 26, 2026",637,636,"Dec 24, 2026",TRUE,"Jan 08, 2027",FALSE,,AFFINITY_GROUP,PAY_FULL,PARTIALLY_PAID,ACTIVE
POL_ADMIN,POL000304,PNC-2027-100304,1,"May 23, 2027","May 22, 2028","May 09, 2027",,,AZ,USD,4484,4509,"May 09, 2027",4509,0,"Jul 07, 2027",TRUE,,FALSE,,MARKETPLACE,SEMI_ANNUAL,PAID,ACTIVE
POL_ADMIN,POL000305,PNC-2027-100305,1,"Jun 16, 2027","Jun 15, 2028","Jun 02, 2027",,,MO,USD,5739,5764,"Jun 02, 2027",2882,2882,"Jul 31, 2027",TRUE,"Aug 15, 2027",FALSE,,BANCASSURANCE,QUARTERLY,PARTIALLY_PAID,ACTIVE
POL_ADMIN,POL000306,PNC-2025-100306,1,"Apr 30, 2025","Apr 29, 2026","Apr 16, 2025",,,CA,USD,10994,11045,"Apr 16, 2025",5523,5522,"Jun 14, 2025",FALSE,"Jun 29, 2025",FALSE,,BROKER,MONTHLY_10,PARTIALLY_PAID,ACTIVE
POL_ADMIN,POL000307,PNC-2025-100307,1,"May 24, 2025","May 23, 2026","May 10, 2025",,,IL,USD,860,911,"May 10, 2025",911,0,"Jul 08, 2025",FALSE,,FALSE,,CALL_CENTER,MONTHLY_12,PAID,ACTIVE
POL_ADMIN,POL000308,PNC-2026-100308,1,"Jan 22, 2026","Jan 21, 2027","Jan 08, 2026",,,GA,USD,4674,4674,"Jan 08, 2026",2337,2337,"Mar 08, 2026",FALSE,"Mar 23, 2026",FALSE,,AFFINITY_GROUP,MORTGAGE_ESCROW,PARTIALLY_PAID,ACTIVE
POL_ADMIN,POL000309,PNC-2026-100309,1,"Aug 05, 2026","Aug 04, 2027","Jul 22, 2026",,,TX,USD,2158,2158,"Jul 22, 2026",1079,1079,"Sep 19, 2026",TRUE,"Oct 04, 2026",FALSE,,MARKETPLACE,PAYROLL_DEDUCT,PARTIALLY_PAID,ACTIVE
POL_ADMIN,POL000310,PNC-2026-100310,1,"Aug 29, 2026","Aug 28, 2027","Aug 15, 2026",,,OH,USD,2995,2995,"Aug 15, 2026",2995,0,"Oct 13, 2026",FALSE,,FALSE,,BANCASSURANCE,AGENCY_BILL,PAID,ACTIVE
POL_ADMIN,POL000311,PNC-2027-100311,1,"Mar 12, 2027","Mar 11, 2028","Feb 26, 2027",,,NY,USD,5136,5187,"Feb 26, 2027",2594,2593,"Apr 26, 2027",FALSE,"May 11, 2027",FALSE,,EMBEDDED_PARTNER,PREMIUM_FINANCE,PARTIALLY_PAID,ACTIVE
POL_ADMIN,POL000312,PNC-2025-100312,1,"Jan 22, 2025","Jan 21, 2026","Jan 08, 2025",,,NY,USD,2026,2026,"Jan 08, 2025",1013,1013,"Mar 08, 2025",TRUE,"Mar 23, 2025",FALSE,,MARKETPLACE,EFT_MONTHLY,PARTIALLY_PAID,ACTIVE
POL_ADMIN,POL000313,PNC-2025-100313,1,"Feb 15, 2025","Feb 14, 2026","Feb 01, 2025",,,PA,USD,4852,4852,"Feb 01, 2025",4852,0,"Apr 01, 2025",FALSE,,FALSE,,BANCASSURANCE,MORTGAGE_ESCROW,PAID,ACTIVE
POL_ADMIN,POL000314,PNC-2025-100314,1,"Aug 28, 2025","Aug 27, 2026","Aug 14, 2025",,,CA,USD,9882,9882,"Aug 14, 2025",4941,4941,"Oct 12, 2025",FALSE,"Oct 27, 2025",FALSE,,EMBEDDED_PARTNER,PAYROLL_DEDUCT,PARTIALLY_PAID,ACTIVE
POL_ADMIN,POL000315,PNC-2025-100315,1,"Oct 15, 2025","Oct 14, 2026","Oct 01, 2025",,,NC,USD,1222,1222,"Oct 01, 2025",611,611,"Nov 29, 2025",FALSE,"Dec 14, 2025",FALSE,,CAPTIVE_AGENT,AGENCY_BILL,PARTIALLY_PAID,ACTIVE
POL_ADMIN,POL000316,PNC-2025-100316,1,"Nov 08, 2025","Nov 07, 2026","Oct 25, 2025",,,WA,USD,2060,2110,"Oct 25, 2025",2110,0,"Dec 23, 2025",FALSE,,FALSE,,MARKETPLACE,PREMIUM_FINANCE,PAID,ACTIVE
POL_ADMIN,POL000317,PNC-2026-100317,1,"Apr 28, 2026","Apr 27, 2027","Apr 14, 2026",,,FL,USD,5550,5601,"Apr 14, 2026",2801,2800,"Jun 12, 2026",FALSE,"Jun 27, 2026",FALSE,,BROKER,PREMIUM_FINANCE,PARTIALLY_PAID,ACTIVE
POL_ADMIN,POL000318,PNC-2026-100318,1,"May 22, 2026","May 21, 2027","May 08, 2026",,,GA,USD,4200,4200,"May 08, 2026",2100,2100,"Jul 06, 2026",TRUE,"Jul 21, 2026",FALSE,,CALL_CENTER,PAY_FULL,PARTIALLY_PAID,ACTIVE
POL_ADMIN,POL000319,PNC-2026-100319,1,"Dec 03, 2026","Dec 02, 2027","Nov 19, 2026",,,TX,USD,1685,1711,"Nov 19, 2026",1711,0,"Jan 17, 2027",TRUE,,FALSE,,BROKER,SEMI_ANNUAL,PAID,ACTIVE
POL_ADMIN,POL000320,PNC-2025-100320,1,"Nov 11, 2025","Nov 10, 2026","Oct 28, 2025",,,MA,USD,5085,5136,"Oct 28, 2025",2568,2568,"Dec 26, 2025",TRUE,"Jan 10, 2026",FALSE,,BANCASSURANCE,MONTHLY_12,PARTIALLY_PAID,ACTIVE
POL_ADMIN,POL000321,PNC-2027-100321,1,"Feb 16, 2027","Feb 15, 2028","Feb 02, 2027",,,MO,USD,7094,7094,"Feb 02, 2027",3547,3547,"Apr 02, 2027",FALSE,"Apr 17, 2027",FALSE,,CALL_CENTER,AGENCY_BILL,PARTIALLY_PAID,ACTIVE
POL_ADMIN,POL000322,PNC-2025-100322,1,"Apr 27, 2025","Apr 26, 2026","Apr 13, 2025",,,MO,USD,6860,6860,"Apr 13, 2025",6860,0,"Jun 11, 2025",FALSE,,FALSE,,AFFINITY_GROUP,AGENCY_BILL,PAID,ACTIVE
POL_ADMIN,POL000323,PNC-2025-100323,1,"May 21, 2025","May 20, 2026","May 07, 2025",,,NY,USD,1132,1183,"May 07, 2025",592,591,"Jul 05, 2025",FALSE,"Jul 20, 2025",FALSE,,BROKER,PREMIUM_FINANCE,PARTIALLY_PAID,ACTIVE
POL_ADMIN,POL000324,PNC-2025-100324,1,"Dec 02, 2025","Dec 01, 2026","Nov 18, 2025",,,TN,USD,7167,7167,"Nov 18, 2025",3584,3583,"Jan 16, 2026",FALSE,"Jan 31, 2026",FALSE,,BANCASSURANCE,PAY_FULL,PARTIALLY_PAID,ACTIVE
POL_ADMIN,POL000325,PNC-2026-100325,1,"Aug 02, 2026","Aug 01, 2027","Jul 19, 2026",,,WI,USD,3080,3106,"Jul 19, 2026",3106,0,"Sep 16, 2026",TRUE,,FALSE,,CAPTIVE_AGENT,QUARTERLY,PAID,ACTIVE
POL_ADMIN,POL000326,PNC-2026-100326,1,"Aug 26, 2026","Aug 25, 2027","Aug 12, 2026",,,FL,USD,4335,4386,"Aug 12, 2026",2193,2193,"Oct 10, 2026",TRUE,"Oct 25, 2026",FALSE,,MARKETPLACE,MONTHLY_10,PARTIALLY_PAID,ACTIVE
POL_ADMIN,POL000327,PNC-2027-100327,1,"Feb 13, 2027","Feb 12, 2028","Jan 30, 2027",,,CO,USD,6292,6343,"Jan 30, 2027",3172,3171,"Mar 30, 2027",TRUE,"Apr 14, 2027",FALSE,,BROKER,MONTHLY_10,PARTIALLY_PAID,ACTIVE
POL_ADMIN,POL000328,PNC-2027-100328,1,"Mar 09, 2027","Mar 08, 2028","Feb 23, 2027",,,MN,USD,12452,12503,"Feb 23, 2027",12503,0,"Apr 23, 2027",TRUE,,FALSE,,CALL_CENTER,MONTHLY_12,PAID,ACTIVE
POL_ADMIN,POL000329,PNC-2025-100329,1,"Apr 24, 2025","Apr 23, 2026","Apr 10, 2025",,,CO,USD,5711,5762,"Apr 10, 2025",2881,2881,"Jun 08, 2025",TRUE,"Jun 23, 2025",FALSE,,DIRECT_ONLINE,MONTHLY_10,PARTIALLY_PAID,ACTIVE
POL_ADMIN,POL000330,PNC-2025-100330,1,"May 18, 2025","May 17, 2026","May 04, 2025",,,MN,USD,831,882,"May 04, 2025",441,441,"Jul 02, 2025",TRUE,"Jul 17, 2025",FALSE,,AFFINITY_GROUP,MONTHLY_12,PARTIALLY_PAID,ACTIVE
POL_ADMIN,POL000331,PNC-2025-100331,1,"Jun 17, 2025","Jun 16, 2026","Jun 03, 2025",,,NC,USD,4198,4198,"Jun 03, 2025",4198,0,"Aug 01, 2025",FALSE,,FALSE,,EMBEDDED_PARTNER,EFT_MONTHLY,PAID,ACTIVE
POL_ADMIN,POL000332,PNC-2025-100332,1,"Jul 11, 2025","Jul 10, 2026","Jun 27, 2025",,,WA,USD,3798,3798,"Jun 27, 2025",1899,1899,"Aug 25, 2025",FALSE,"Sep 09, 2025",FALSE,,WHOLESALE_BROKER,EFT_MONTHLY,PARTIALLY_PAID,ACTIVE
POL_ADMIN,POL000333,PNC-2025-100333,1,"May 24, 2025","May 23, 2026","May 10, 2025",,,IL,USD,860,911,"May 10, 2025",456,455,"Jul 08, 2025",FALSE,"Jul 23, 2025",FALSE,,CALL_CENTER,MONTHLY_12,PARTIALLY_PAID,ACTIVE
POL_ADMIN,POL000334,PNC-2025-100334,1,"Dec 05, 2025","Dec 04, 2026","Nov 21, 2025",,,WI,USD,3000,3000,"Nov 21, 2025",3000,0,"Jan 19, 2026",TRUE,,FALSE,,INDEPENDENT_AGENT,EFT_MONTHLY,PAID,ACTIVE
POL_ADMIN,POL000335,PNC-2025-100335,1,"Dec 29, 2025","Dec 28, 2026","Dec 15, 2025",,,FL,USD,3836,3836,"Dec 15, 2025",1918,1918,"Feb 12, 2026",FALSE,"Feb 27, 2026",FALSE,,DIRECT_ONLINE,MORTGAGE_ESCROW,PARTIALLY_PAID,ACTIVE
POL_ADMIN,POL000336,PNC-2026-100336,1,"Jul 12, 2026","Jul 11, 2027","Jun 28, 2026",,,MN,USD,1322,1322,"Jun 28, 2026",661,661,"Aug 26, 2026",FALSE,"Sep 10, 2026",FALSE,,CAPTIVE_AGENT,MORTGAGE_ESCROW,PARTIALLY_PAID,ACTIVE
POL_ADMIN,POL000337,PNC-2026-100337,1,"Jun 15, 2026","Jun 14, 2027","Jun 01, 2026",,,VA,USD,5036,5062,"Jun 01, 2026",5062,0,"Jul 30, 2026",TRUE,,FALSE,,EMBEDDED_PARTNER,SEMI_ANNUAL,PAID,ACTIVE
POL_ADMIN,POL000338,PNC-2026-100338,1,"Dec 27, 2026","Dec 26, 2027","Dec 13, 2026",,,OH,USD,2522,2547,"Dec 13, 2026",1274,1273,"Feb 10, 2027",TRUE,"Feb 25, 2027",FALSE,,DIRECT_ONLINE,QUARTERLY,PARTIALLY_PAID,ACTIVE
POL_ADMIN,POL000339,PNC-2027-100339,1,"Jan 20, 2027","Jan 19, 2028","Jan 06, 2027",,,NJ,USD,7892,7917,"Jan 06, 2027",3959,3958,"Mar 06, 2027",TRUE,"Mar 21, 2027",FALSE,,AFFINITY_GROUP,QUARTERLY,PARTIALLY_PAID,ACTIVE
POL_ADMIN,POL000340,PNC-2026-100340,1,"Jun 18, 2026","Jun 17, 2027","Jun 04, 2026",,,CO,USD,5141,5141,"Jun 04, 2026",5141,0,"Aug 02, 2026",FALSE,,FALSE,,WHOLESALE_BROKER,MORTGAGE_ESCROW,PAID,ACTIVE
