PublisherID,SourceID,AssetDescription,StartDate,EndDate,FID_AssetStatus,FID_AssetType,FID_AssignedPolicy,PublisherID_HomeAsset,SourceID_HomeAsset,FID_LineOfBusiness,PublisherID_VehicleAsset,SourceID_VehicleAsset
POL_ADMIN,POL000001-VEH000001,2017 Ford F-150 vehicle assigned to policy POL000001.,"Jan 04, 2024","Jan 03, 2025",1,1,POL000001,,,LOB001,POL_ADMIN,POL000001
POL_ADMIN,POL000002-VEH000002,2024 Ram 1500 vehicle assigned to policy POL000002.,"Jan 07, 2024","Jan 06, 2025",1,1,POL000002,,,LOB001,POL_ADMIN,POL000002
POL_ADMIN,POL000003-VEH000003,2022 Ford F-150 vehicle assigned to policy POL000003.,"Jan 10, 2024","Jan 09, 2025",1,1,POL000003,,,LOB001,POL_ADMIN,POL000003
POL_ADMIN,POL000004-VEH000004,2020 Ram 1500 vehicle assigned to policy POL000004.,"Jan 13, 2024","Jan 12, 2025",1,1,POL000004,,,LOB001,POL_ADMIN,POL000004
POL_ADMIN,POL000005-VEH000005,2018 Ford F-150 vehicle assigned to policy POL000005.,"Jan 16, 2024","Jan 15, 2025",1,1,POL000005,,,LOB001,POL_ADMIN,POL000005
POL_ADMIN,POL000006-VEH000006,2025 Ram 1500 vehicle assigned to policy POL000006.,"Jan 19, 2024","Jan 18, 2025",2,1,POL000006,,,LOB001,POL_ADMIN,POL000006
POL_ADMIN,POL000007-VEH000007,2023 Ford F-150 vehicle assigned to policy POL000007.,"Jan 22, 2024","Jan 21, 2025",9,1,POL000007,,,LOB001,POL_ADMIN,POL000007
POL_ADMIN,POL000008-VEH000008,2021 Ram 1500 vehicle assigned to policy POL000008.,"Jan 25, 2024","Jan 24, 2025",1,1,POL000008,,,LOB001,POL_ADMIN,POL000008
POL_ADMIN,POL000009-VEH000009,2019 Ford F-150 vehicle assigned to policy POL000009.,"Jan 28, 2024","Jan 27, 2025",1,1,POL000009,,,LOB001,POL_ADMIN,POL000009
POL_ADMIN,POL000010-VEH000010,2017 Ram 1500 vehicle assigned to policy POL000010.,"Jan 31, 2024","Jan 30, 2025",1,1,POL000010,,,LOB001,POL_ADMIN,POL000010
POL_ADMIN,POL000011-VEH000011,2024 Ford F-150 vehicle assigned to policy POL000011.,"Feb 03, 2024","Feb 02, 2025",1,1,POL000011,,,LOB001,POL_ADMIN,POL000011
POL_ADMIN,POL000012-VEH000012,2022 Ram 1500 vehicle assigned to policy POL000012.,"Feb 06, 2024","Feb 05, 2025",1,1,POL000012,,,LOB001,POL_ADMIN,POL000012
POL_ADMIN,POL000013-VEH000013,2020 Ford F-150 vehicle assigned to policy POL000013.,"Feb 09, 2024","Feb 08, 2025",1,1,POL000013,,,LOB001,POL_ADMIN,POL000013
POL_ADMIN,POL000014-VEH000014,2018 Ram 1500 vehicle assigned to policy POL000014.,"Feb 12, 2024","Feb 11, 2025",2,1,POL000014,,,LOB001,POL_ADMIN,POL000014
POL_ADMIN,POL000015-VEH000015,2025 Ford F-150 vehicle assigned to policy POL000015.,"Feb 15, 2024","Feb 14, 2025",9,1,POL000015,,,LOB001,POL_ADMIN,POL000015
POL_ADMIN,POL000016-VEH000016,2023 Ram 1500 vehicle assigned to policy POL000016.,"Feb 18, 2024","Feb 17, 2025",1,1,POL000016,,,LOB001,POL_ADMIN,POL000016
POL_ADMIN,POL000033-VEH000017,2021 BMW X5 vehicle assigned to policy POL000033.,"Apr 09, 2024","Apr 08, 2025",1,1,POL000033,,,LOB003,POL_ADMIN,POL000033
POL_ADMIN,POL000034-VEH000018,2019 Toyota RAV4 vehicle assigned to policy POL000034.,"Apr 12, 2024","Apr 11, 2025",1,1,POL000034,,,LOB003,POL_ADMIN,POL000034
POL_ADMIN,POL000035-VEH000019,2017 Jeep Grand Cherokee vehicle assigned to policy POL000035.,"Apr 15, 2024","Apr 14, 2025",1,1,POL000035,,,LOB003,POL_ADMIN,POL000035
POL_ADMIN,POL000036-VEH000020,2024 Mercedes-Benz C-Class vehicle assigned to policy POL000036.,"Apr 18, 2024","Apr 17, 2025",1,1,POL000036,,,LOB003,POL_ADMIN,POL000036
POL_ADMIN,POL000037-VEH000021,2022 Honda Accord vehicle assigned to policy POL000037.,"Apr 21, 2024","Apr 20, 2025",1,1,POL000037,,,LOB003,POL_ADMIN,POL000037
POL_ADMIN,POL000038-VEH000022,2020 Subaru Outback vehicle assigned to policy POL000038.,"Apr 24, 2024","Apr 23, 2025",2,1,POL000038,,,LOB003,POL_ADMIN,POL000038
POL_ADMIN,POL000039-VEH000023,2018 Tesla Model 3 vehicle assigned to policy POL000039.,"Apr 27, 2024","Apr 26, 2025",4,1,POL000039,,,LOB003,POL_ADMIN,POL000039
POL_ADMIN,POL000040-VEH000024,2025 Honda CR-V vehicle assigned to policy POL000040.,"Apr 30, 2024","Apr 29, 2025",3,1,POL000040,,,LOB003,POL_ADMIN,POL000040
POL_ADMIN,POL000041-VEH000025,2023 Subaru Forester vehicle assigned to policy POL000041.,"May 03, 2024","May 02, 2025",1,1,POL000041,,,LOB003,POL_ADMIN,POL000041
POL_ADMIN,POL000042-VEH000026,2021 Tesla Model Y vehicle assigned to policy POL000042.,"May 06, 2024","May 05, 2025",1,1,POL000042,,,LOB003,POL_ADMIN,POL000042
POL_ADMIN,POL000043-VEH000027,2019 Nissan Altima vehicle assigned to policy POL000043.,"May 09, 2024","May 08, 2025",1,1,POL000043,,,LOB003,POL_ADMIN,POL000043
POL_ADMIN,POL000044-VEH000028,2017 BMW 3 Series vehicle assigned to policy POL000044.,"May 12, 2024","May 11, 2025",1,1,POL000044,,,LOB003,POL_ADMIN,POL000044
POL_ADMIN,POL000045-VEH000029,2024 Toyota Camry vehicle assigned to policy POL000045.,"May 15, 2024","May 14, 2025",1,1,POL000045,,,LOB003,POL_ADMIN,POL000045
POL_ADMIN,POL000046-VEH000030,2022 Jeep Wrangler vehicle assigned to policy POL000046.,"May 18, 2024","May 17, 2025",2,1,POL000046,,,LOB003,POL_ADMIN,POL000046
POL_ADMIN,POL000047-VEH000031,2020 BMW X5 vehicle assigned to policy POL000047.,"May 21, 2024","May 20, 2025",4,1,POL000047,,,LOB003,POL_ADMIN,POL000047
POL_ADMIN,POL000048-VEH000032,2018 Toyota RAV4 vehicle assigned to policy POL000048.,"May 24, 2024","May 23, 2025",3,1,POL000048,,,LOB003,POL_ADMIN,POL000048
POL_ADMIN,POL000065-VEH000033,2025 Ford F-150 vehicle assigned to policy POL000065.,"Jul 14, 2024","Jul 13, 2025",1,1,POL000065,,,LOB001,POL_ADMIN,POL000065
POL_ADMIN,POL000066-VEH000034,2023 Ram 1500 vehicle assigned to policy POL000066.,"Jul 17, 2024","Jul 16, 2025",1,1,POL000066,,,LOB001,POL_ADMIN,POL000066
POL_ADMIN,POL000067-VEH000035,2021 Ford F-150 vehicle assigned to policy POL000067.,"Jul 20, 2024","Jul 19, 2025",1,1,POL000067,,,LOB001,POL_ADMIN,POL000067
POL_ADMIN,POL000068-VEH000036,2019 Ram 1500 vehicle assigned to policy POL000068.,"Jul 23, 2024","Jul 22, 2025",1,1,POL000068,,,LOB001,POL_ADMIN,POL000068
POL_ADMIN,POL000069-VEH000037,2017 Ford F-150 vehicle assigned to policy POL000069.,"Jul 26, 2024","Jul 25, 2025",1,1,POL000069,,,LOB001,POL_ADMIN,POL000069
POL_ADMIN,POL000070-VEH000038,2024 Ram 1500 vehicle assigned to policy POL000070.,"Jul 29, 2024","Jul 28, 2025",2,1,POL000070,,,LOB001,POL_ADMIN,POL000070
POL_ADMIN,POL000071-VEH000039,2022 Ford F-150 vehicle assigned to policy POL000071.,"Aug 01, 2024","Jul 31, 2025",2,1,POL000071,,,LOB001,POL_ADMIN,POL000071
POL_ADMIN,POL000072-VEH000040,2020 Ram 1500 vehicle assigned to policy POL000072.,"Aug 04, 2024","Aug 03, 2025",3,1,POL000072,,,LOB001,POL_ADMIN,POL000072
POL_ADMIN,POL000073-VEH000041,2018 Ford F-150 vehicle assigned to policy POL000073.,"Aug 07, 2024","Aug 06, 2025",1,1,POL000073,,,LOB001,POL_ADMIN,POL000073
POL_ADMIN,POL000074-VEH000042,2025 Ram 1500 vehicle assigned to policy POL000074.,"Aug 10, 2024","Aug 09, 2025",1,1,POL000074,,,LOB001,POL_ADMIN,POL000074
POL_ADMIN,POL000075-VEH000043,2023 Ford F-150 vehicle assigned to policy POL000075.,"Aug 13, 2024","Aug 12, 2025",1,1,POL000075,,,LOB001,POL_ADMIN,POL000075
POL_ADMIN,POL000076-VEH000044,2021 Ram 1500 vehicle assigned to policy POL000076.,"Aug 16, 2024","Aug 15, 2025",1,1,POL000076,,,LOB001,POL_ADMIN,POL000076
POL_ADMIN,POL000077-VEH000045,2019 Ford F-150 vehicle assigned to policy POL000077.,"Aug 19, 2024","Aug 18, 2025",1,1,POL000077,,,LOB001,POL_ADMIN,POL000077
POL_ADMIN,POL000078-VEH000046,2017 Ram 1500 vehicle assigned to policy POL000078.,"Aug 22, 2024","Aug 21, 2025",1,1,POL000078,,,LOB001,POL_ADMIN,POL000078
POL_ADMIN,POL000079-VEH000047,2024 Ford F-150 vehicle assigned to policy POL000079.,"Aug 25, 2024","Aug 24, 2025",2,1,POL000079,,,LOB001,POL_ADMIN,POL000079
POL_ADMIN,POL000080-VEH000048,2022 Ram 1500 vehicle assigned to policy POL000080.,"Aug 28, 2024","Aug 27, 2025",9,1,POL000080,,,LOB001,POL_ADMIN,POL000080
POL_ADMIN,POL000096-VEH000049,2020 Honda Accord vehicle assigned to policy POL000096.,"Oct 15, 2024","Oct 14, 2025",9,1,POL000096,,,LOB003,POL_ADMIN,POL000096
POL_ADMIN,POL000097-VEH000050,2018 Subaru Outback vehicle assigned to policy POL000097.,"Oct 18, 2024","Oct 17, 2025",1,1,POL000097,,,LOB003,POL_ADMIN,POL000097
POL_ADMIN,POL000098-VEH000051,2025 Tesla Model 3 vehicle assigned to policy POL000098.,"Oct 21, 2024","Oct 20, 2025",1,1,POL000098,,,LOB003,POL_ADMIN,POL000098
POL_ADMIN,POL000099-VEH000052,2023 Honda CR-V vehicle assigned to policy POL000099.,"Oct 24, 2024","Oct 23, 2025",1,1,POL000099,,,LOB003,POL_ADMIN,POL000099
POL_ADMIN,POL000100-VEH000053,2021 Subaru Forester vehicle assigned to policy POL000100.,"Oct 27, 2024","Oct 26, 2025",1,1,POL000100,,,LOB003,POL_ADMIN,POL000100
POL_ADMIN,POL000101-VEH000054,2019 Tesla Model Y vehicle assigned to policy POL000101.,"Oct 30, 2024","Oct 29, 2025",1,1,POL000101,,,LOB003,POL_ADMIN,POL000101
POL_ADMIN,POL000102-VEH000055,2017 Nissan Altima vehicle assigned to policy POL000102.,"Nov 02, 2024","Nov 01, 2025",1,1,POL000102,,,LOB003,POL_ADMIN,POL000102
POL_ADMIN,POL000103-VEH000056,2024 BMW 3 Series vehicle assigned to policy POL000103.,"Nov 05, 2024","Nov 04, 2025",2,1,POL000103,,,LOB003,POL_ADMIN,POL000103
POL_ADMIN,POL000104-VEH000057,2022 Toyota Camry vehicle assigned to policy POL000104.,"Nov 08, 2024","Nov 07, 2025",9,1,POL000104,,,LOB003,POL_ADMIN,POL000104
POL_ADMIN,POL000105-VEH000058,2020 Jeep Wrangler vehicle assigned to policy POL000105.,"Nov 11, 2024","Nov 10, 2025",3,1,POL000105,,,LOB003,POL_ADMIN,POL000105
POL_ADMIN,POL000106-VEH000059,2018 BMW X5 vehicle assigned to policy POL000106.,"Nov 14, 2024","Nov 13, 2025",1,1,POL000106,,,LOB003,POL_ADMIN,POL000106
POL_ADMIN,POL000107-VEH000060,2025 Toyota RAV4 vehicle assigned to policy POL000107.,"Nov 17, 2024","Nov 16, 2025",1,1,POL000107,,,LOB003,POL_ADMIN,POL000107
POL_ADMIN,POL000108-VEH000061,2023 Jeep Grand Cherokee vehicle assigned to policy POL000108.,"Nov 20, 2024","Nov 19, 2025",1,1,POL000108,,,LOB003,POL_ADMIN,POL000108
POL_ADMIN,POL000109-VEH000062,2021 Mercedes-Benz C-Class vehicle assigned to policy POL000109.,"Nov 23, 2024","Nov 22, 2025",1,1,POL000109,,,LOB003,POL_ADMIN,POL000109
POL_ADMIN,POL000110-VEH000063,2019 Honda Accord vehicle assigned to policy POL000110.,"Nov 26, 2024","Nov 25, 2025",1,1,POL000110,,,LOB003,POL_ADMIN,POL000110
POL_ADMIN,POL000111-VEH000064,2017 Subaru Outback vehicle assigned to policy POL000111.,"Nov 29, 2024","Nov 28, 2025",2,1,POL000111,,,LOB003,POL_ADMIN,POL000111
POL_ADMIN,POL000112-VEH000065,2024 Tesla Model 3 vehicle assigned to policy POL000112.,"Dec 02, 2024","Dec 01, 2025",4,1,POL000112,,,LOB003,POL_ADMIN,POL000112
POL_ADMIN,POL000129-VEH000066,2022 Ram 1500 vehicle assigned to policy POL000129.,"Jan 22, 2025","Jan 21, 2026",3,1,POL000129,,,LOB001,POL_ADMIN,POL000129
POL_ADMIN,POL000130-VEH000067,2020 Ford F-150 vehicle assigned to policy POL000130.,"Jan 25, 2025","Jan 24, 2026",1,1,POL000130,,,LOB001,POL_ADMIN,POL000130
POL_ADMIN,POL000131-VEH000068,2018 Ram 1500 vehicle assigned to policy POL000131.,"Jan 28, 2025","Jan 27, 2026",1,1,POL000131,,,LOB001,POL_ADMIN,POL000131
POL_ADMIN,POL000132-VEH000069,2025 Ford F-150 vehicle assigned to policy POL000132.,"Jan 31, 2025","Jan 30, 2026",1,1,POL000132,,,LOB001,POL_ADMIN,POL000132
POL_ADMIN,POL000133-VEH000070,2023 Ram 1500 vehicle assigned to policy POL000133.,"Feb 03, 2025","Feb 02, 2026",1,1,POL000133,,,LOB001,POL_ADMIN,POL000133
POL_ADMIN,POL000134-VEH000071,2021 Ford F-150 vehicle assigned to policy POL000134.,"Feb 06, 2025","Feb 05, 2026",1,1,POL000134,,,LOB001,POL_ADMIN,POL000134
POL_ADMIN,POL000135-VEH000072,2019 Ram 1500 vehicle assigned to policy POL000135.,"Feb 09, 2025","Feb 08, 2026",2,1,POL000135,,,LOB001,POL_ADMIN,POL000135
POL_ADMIN,POL000136-VEH000073,2017 Ford F-150 vehicle assigned to policy POL000136.,"Feb 12, 2025","Feb 11, 2026",2,1,POL000136,,,LOB001,POL_ADMIN,POL000136
POL_ADMIN,POL000137-VEH000074,2024 Ram 1500 vehicle assigned to policy POL000137.,"Feb 15, 2025","Feb 14, 2026",3,1,POL000137,,,LOB001,POL_ADMIN,POL000137
POL_ADMIN,POL000138-VEH000075,2022 Ford F-150 vehicle assigned to policy POL000138.,"Feb 18, 2025","Feb 17, 2026",1,1,POL000138,,,LOB001,POL_ADMIN,POL000138
POL_ADMIN,POL000139-VEH000076,2020 Ram 1500 vehicle assigned to policy POL000139.,"Feb 21, 2025","Feb 20, 2026",1,1,POL000139,,,LOB001,POL_ADMIN,POL000139
POL_ADMIN,POL000140-VEH000077,2018 Ford F-150 vehicle assigned to policy POL000140.,"Feb 24, 2025","Feb 23, 2026",1,1,POL000140,,,LOB001,POL_ADMIN,POL000140
POL_ADMIN,POL000141-VEH000078,2025 Ram 1500 vehicle assigned to policy POL000141.,"Feb 27, 2025","Feb 26, 2026",1,1,POL000141,,,LOB001,POL_ADMIN,POL000141
POL_ADMIN,POL000142-VEH000079,2023 Ford F-150 vehicle assigned to policy POL000142.,"Mar 02, 2025","Mar 01, 2026",1,1,POL000142,,,LOB001,POL_ADMIN,POL000142
POL_ADMIN,POL000143-VEH000080,2021 Ram 1500 vehicle assigned to policy POL000143.,"Mar 05, 2025","Mar 04, 2026",2,1,POL000143,,,LOB001,POL_ADMIN,POL000143
POL_ADMIN,POL000144-VEH000081,2019 Ford F-150 vehicle assigned to policy POL000144.,"Mar 08, 2025","Mar 07, 2026",2,1,POL000144,,,LOB001,POL_ADMIN,POL000144
POL_ADMIN,POL000161-VEH000082,2017 Tesla Model Y vehicle assigned to policy POL000161.,"Apr 28, 2025","Apr 27, 2026",9,1,POL000161,,,LOB003,POL_ADMIN,POL000161
POL_ADMIN,POL000162-VEH000083,2024 Nissan Altima vehicle assigned to policy POL000162.,"May 01, 2025","Apr 30, 2026",1,1,POL000162,,,LOB003,POL_ADMIN,POL000162
POL_ADMIN,POL000163-VEH000084,2022 BMW 3 Series vehicle assigned to policy POL000163.,"May 04, 2025","May 03, 2026",1,1,POL000163,,,LOB003,POL_ADMIN,POL000163
POL_ADMIN,POL000164-VEH000085,2020 Toyota Camry vehicle assigned to policy POL000164.,"May 07, 2025","May 06, 2026",1,1,POL000164,,,LOB003,POL_ADMIN,POL000164
POL_ADMIN,POL000165-VEH000086,2018 Jeep Wrangler vehicle assigned to policy POL000165.,"May 10, 2025","May 09, 2026",1,1,POL000165,,,LOB003,POL_ADMIN,POL000165
POL_ADMIN,POL000166-VEH000087,2025 BMW X5 vehicle assigned to policy POL000166.,"May 13, 2025","May 12, 2026",1,1,POL000166,,,LOB003,POL_ADMIN,POL000166
POL_ADMIN,POL000167-VEH000088,2023 Toyota RAV4 vehicle assigned to policy POL000167.,"May 16, 2025","May 15, 2026",1,1,POL000167,,,LOB003,POL_ADMIN,POL000167
POL_ADMIN,POL000168-VEH000089,2021 Jeep Grand Cherokee vehicle assigned to policy POL000168.,"May 19, 2025","May 18, 2026",2,1,POL000168,,,LOB003,POL_ADMIN,POL000168
POL_ADMIN,POL000169-VEH000090,2019 Mercedes-Benz C-Class vehicle assigned to policy POL000169.,"May 22, 2025","May 21, 2026",9,1,POL000169,,,LOB003,POL_ADMIN,POL000169
POL_ADMIN,POL000170-VEH000091,2017 Honda Accord vehicle assigned to policy POL000170.,"May 25, 2025","May 24, 2026",1,1,POL000170,,,LOB003,POL_ADMIN,POL000170
POL_ADMIN,POL000171-VEH000092,2024 Subaru Outback vehicle assigned to policy POL000171.,"May 28, 2025","May 27, 2026",1,1,POL000171,,,LOB003,POL_ADMIN,POL000171
POL_ADMIN,POL000172-VEH000093,2022 Tesla Model 3 vehicle assigned to policy POL000172.,"May 31, 2025","May 30, 2026",1,1,POL000172,,,LOB003,POL_ADMIN,POL000172
POL_ADMIN,POL000173-VEH000094,2020 Honda CR-V vehicle assigned to policy POL000173.,"Jun 03, 2025","Jun 02, 2026",1,1,POL000173,,,LOB003,POL_ADMIN,POL000173
POL_ADMIN,POL000174-VEH000095,2018 Subaru Forester vehicle assigned to policy POL000174.,"Jun 06, 2025","Jun 05, 2026",1,1,POL000174,,,LOB003,POL_ADMIN,POL000174
POL_ADMIN,POL000175-VEH000096,2025 Tesla Model Y vehicle assigned to policy POL000175.,"Jun 09, 2025","Jun 08, 2026",1,1,POL000175,,,LOB003,POL_ADMIN,POL000175
POL_ADMIN,POL000176-VEH000097,2023 Nissan Altima vehicle assigned to policy POL000176.,"Jun 12, 2025","Jun 11, 2026",2,1,POL000176,,,LOB003,POL_ADMIN,POL000176
POL_ADMIN,POL000192-VEH000098,2021 Ram 1500 vehicle assigned to policy POL000192.,"Jul 30, 2025","Jul 29, 2026",2,1,POL000192,,,LOB001,POL_ADMIN,POL000192
POL_ADMIN,POL000193-VEH000099,2019 Ford F-150 vehicle assigned to policy POL000193.,"Aug 02, 2025","Aug 01, 2026",4,1,POL000193,,,LOB001,POL_ADMIN,POL000193
POL_ADMIN,POL000194-VEH000100,2017 Ram 1500 vehicle assigned to policy POL000194.,"Aug 05, 2025","Aug 04, 2026",3,1,POL000194,,,LOB001,POL_ADMIN,POL000194
POL_ADMIN,POL000195-VEH000101,2024 Ford F-150 vehicle assigned to policy POL000195.,"Aug 08, 2025","Aug 07, 2026",1,1,POL000195,,,LOB001,POL_ADMIN,POL000195
POL_ADMIN,POL000196-VEH000102,2022 Ram 1500 vehicle assigned to policy POL000196.,"Aug 11, 2025","Aug 10, 2026",1,1,POL000196,,,LOB001,POL_ADMIN,POL000196
POL_ADMIN,POL000197-VEH000103,2020 Ford F-150 vehicle assigned to policy POL000197.,"Aug 14, 2025","Aug 13, 2026",1,1,POL000197,,,LOB001,POL_ADMIN,POL000197
POL_ADMIN,POL000198-VEH000104,2018 Ram 1500 vehicle assigned to policy POL000198.,"Aug 17, 2025","Aug 16, 2026",1,1,POL000198,,,LOB001,POL_ADMIN,POL000198
POL_ADMIN,POL000199-VEH000105,2025 Ford F-150 vehicle assigned to policy POL000199.,"Aug 20, 2025","Aug 19, 2026",1,1,POL000199,,,LOB001,POL_ADMIN,POL000199
POL_ADMIN,POL000200-VEH000106,2023 Ram 1500 vehicle assigned to policy POL000200.,"Aug 23, 2025","Aug 22, 2026",2,1,POL000200,,,LOB001,POL_ADMIN,POL000200
POL_ADMIN,POL000201-VEH000107,2021 Ford F-150 vehicle assigned to policy POL000201.,"Aug 26, 2025","Aug 25, 2026",4,1,POL000201,,,LOB001,POL_ADMIN,POL000201
POL_ADMIN,POL000202-VEH000108,2019 Ram 1500 vehicle assigned to policy POL000202.,"Aug 29, 2025","Aug 28, 2026",3,1,POL000202,,,LOB001,POL_ADMIN,POL000202
POL_ADMIN,POL000203-VEH000109,2017 Ford F-150 vehicle assigned to policy POL000203.,"Sep 01, 2025","Aug 31, 2026",1,1,POL000203,,,LOB001,POL_ADMIN,POL000203
POL_ADMIN,POL000204-VEH000110,2024 Ram 1500 vehicle assigned to policy POL000204.,"Sep 04, 2025","Sep 03, 2026",1,1,POL000204,,,LOB001,POL_ADMIN,POL000204
POL_ADMIN,POL000205-VEH000111,2022 Ford F-150 vehicle assigned to policy POL000205.,"Sep 07, 2025","Sep 06, 2026",1,1,POL000205,,,LOB001,POL_ADMIN,POL000205
POL_ADMIN,POL000206-VEH000112,2020 Ram 1500 vehicle assigned to policy POL000206.,"Sep 10, 2025","Sep 09, 2026",1,1,POL000206,,,LOB001,POL_ADMIN,POL000206
POL_ADMIN,POL000207-VEH000113,2018 Ford F-150 vehicle assigned to policy POL000207.,"Sep 13, 2025","Sep 12, 2026",1,1,POL000207,,,LOB001,POL_ADMIN,POL000207
POL_ADMIN,POL000208-VEH000114,2025 Ram 1500 vehicle assigned to policy POL000208.,"Sep 16, 2025","Sep 15, 2026",2,1,POL000208,,,LOB001,POL_ADMIN,POL000208
POL_ADMIN,POL000225-VEH000115,2023 BMW X5 vehicle assigned to policy POL000225.,"Nov 06, 2025","Nov 05, 2026",2,1,POL000225,,,LOB003,POL_ADMIN,POL000225
POL_ADMIN,POL000226-VEH000116,2021 Toyota RAV4 vehicle assigned to policy POL000226.,"Nov 09, 2025","Nov 08, 2026",3,1,POL000226,,,LOB003,POL_ADMIN,POL000226
POL_ADMIN,POL000227-VEH000117,2019 Jeep Grand Cherokee vehicle assigned to policy POL000227.,"Nov 12, 2025","Nov 11, 2026",1,1,POL000227,,,LOB003,POL_ADMIN,POL000227
POL_ADMIN,POL000228-VEH000118,2017 Mercedes-Benz C-Class vehicle assigned to policy POL000228.,"Nov 15, 2025","Nov 14, 2026",1,1,POL000228,,,LOB003,POL_ADMIN,POL000228
POL_ADMIN,POL000229-VEH000119,2024 Honda Accord vehicle assigned to policy POL000229.,"Nov 18, 2025","Nov 17, 2026",1,1,POL000229,,,LOB003,POL_ADMIN,POL000229
POL_ADMIN,POL000230-VEH000120,2022 Subaru Outback vehicle assigned to policy POL000230.,"Nov 21, 2025","Nov 20, 2026",1,1,POL000230,,,LOB003,POL_ADMIN,POL000230
POL_ADMIN,POL000231-VEH000121,2020 Tesla Model 3 vehicle assigned to policy POL000231.,"Nov 24, 2025","Nov 23, 2026",1,1,POL000231,,,LOB003,POL_ADMIN,POL000231
POL_ADMIN,POL000232-VEH000122,2018 Honda CR-V vehicle assigned to policy POL000232.,"Nov 27, 2025","Nov 26, 2026",1,1,POL000232,,,LOB003,POL_ADMIN,POL000232
POL_ADMIN,POL000233-VEH000123,2025 Subaru Forester vehicle assigned to policy POL000233.,"Nov 30, 2025","Nov 29, 2026",2,1,POL000233,,,LOB003,POL_ADMIN,POL000233
POL_ADMIN,POL000234-VEH000124,2023 Tesla Model Y vehicle assigned to policy POL000234.,"Dec 03, 2025","Dec 02, 2026",9,1,POL000234,,,LOB003,POL_ADMIN,POL000234
POL_ADMIN,POL000235-VEH000125,2021 Nissan Altima vehicle assigned to policy POL000235.,"Dec 06, 2025","Dec 05, 2026",1,1,POL000235,,,LOB003,POL_ADMIN,POL000235
POL_ADMIN,POL000236-VEH000126,2019 BMW 3 Series vehicle assigned to policy POL000236.,"Dec 09, 2025","Dec 08, 2026",1,1,POL000236,,,LOB003,POL_ADMIN,POL000236
POL_ADMIN,POL000237-VEH000127,2017 Toyota Camry vehicle assigned to policy POL000237.,"Dec 12, 2025","Dec 11, 2026",1,1,POL000237,,,LOB003,POL_ADMIN,POL000237
POL_ADMIN,POL000238-VEH000128,2024 Jeep Wrangler vehicle assigned to policy POL000238.,"Dec 15, 2025","Dec 14, 2026",1,1,POL000238,,,LOB003,POL_ADMIN,POL000238
POL_ADMIN,POL000239-VEH000129,2022 BMW X5 vehicle assigned to policy POL000239.,"Dec 18, 2025","Dec 17, 2026",1,1,POL000239,,,LOB003,POL_ADMIN,POL000239
POL_ADMIN,POL000240-VEH000130,2020 Toyota RAV4 vehicle assigned to policy POL000240.,"Dec 21, 2025","Dec 20, 2026",1,1,POL000240,,,LOB003,POL_ADMIN,POL000240
POL_ADMIN,POL000257-VEH000131,2018 Ford F-150 vehicle assigned to policy POL000257.,"Feb 10, 2026","Feb 09, 2027",2,1,POL000257,,,LOB001,POL_ADMIN,POL000257
POL_ADMIN,POL000258-VEH000132,2025 Ram 1500 vehicle assigned to policy POL000258.,"Feb 13, 2026","Feb 12, 2027",4,1,POL000258,,,LOB001,POL_ADMIN,POL000258
POL_ADMIN,POL000259-VEH000133,2023 Ford F-150 vehicle assigned to policy POL000259.,"Feb 16, 2026","Feb 15, 2027",3,1,POL000259,,,LOB001,POL_ADMIN,POL000259
POL_ADMIN,POL000260-VEH000134,2021 Ram 1500 vehicle assigned to policy POL000260.,"Feb 19, 2026","Feb 18, 2027",1,1,POL000260,,,LOB001,POL_ADMIN,POL000260
POL_ADMIN,POL000261-VEH000135,2019 Ford F-150 vehicle assigned to policy POL000261.,"Feb 22, 2026","Feb 21, 2027",1,1,POL000261,,,LOB001,POL_ADMIN,POL000261
POL_ADMIN,POL000262-VEH000136,2017 Ram 1500 vehicle assigned to policy POL000262.,"Feb 25, 2026","Feb 24, 2027",1,1,POL000262,,,LOB001,POL_ADMIN,POL000262
POL_ADMIN,POL000263-VEH000137,2024 Ford F-150 vehicle assigned to policy POL000263.,"Feb 28, 2026","Feb 27, 2027",1,1,POL000263,,,LOB001,POL_ADMIN,POL000263
POL_ADMIN,POL000264-VEH000138,2022 Ram 1500 vehicle assigned to policy POL000264.,"Mar 03, 2026","Mar 02, 2027",1,1,POL000264,,,LOB001,POL_ADMIN,POL000264
POL_ADMIN,POL000265-VEH000139,2020 Ford F-150 vehicle assigned to policy POL000265.,"Mar 06, 2026","Mar 05, 2027",2,1,POL000265,,,LOB001,POL_ADMIN,POL000265
POL_ADMIN,POL000266-VEH000140,2018 Ram 1500 vehicle assigned to policy POL000266.,"Mar 09, 2026","Mar 08, 2027",4,1,POL000266,,,LOB001,POL_ADMIN,POL000266
POL_ADMIN,POL000267-VEH000141,2025 Ford F-150 vehicle assigned to policy POL000267.,"Mar 12, 2026","Mar 11, 2027",3,1,POL000267,,,LOB001,POL_ADMIN,POL000267
POL_ADMIN,POL000268-VEH000142,2023 Ram 1500 vehicle assigned to policy POL000268.,"Mar 15, 2026","Mar 14, 2027",1,1,POL000268,,,LOB001,POL_ADMIN,POL000268
POL_ADMIN,POL000269-VEH000143,2021 Ford F-150 vehicle assigned to policy POL000269.,"Mar 18, 2026","Mar 17, 2027",1,1,POL000269,,,LOB001,POL_ADMIN,POL000269
POL_ADMIN,POL000270-VEH000144,2019 Ram 1500 vehicle assigned to policy POL000270.,"Mar 21, 2026","Mar 20, 2027",1,1,POL000270,,,LOB001,POL_ADMIN,POL000270
POL_ADMIN,POL000271-VEH000145,2017 Ford F-150 vehicle assigned to policy POL000271.,"Mar 24, 2026","Mar 23, 2027",1,1,POL000271,,,LOB001,POL_ADMIN,POL000271
POL_ADMIN,POL000272-VEH000146,2024 Ram 1500 vehicle assigned to policy POL000272.,"Mar 27, 2026","Mar 26, 2027",1,1,POL000272,,,LOB001,POL_ADMIN,POL000272
POL_ADMIN,POL000288-VEH000147,2022 Honda Accord vehicle assigned to policy POL000288.,"May 14, 2026","May 13, 2027",1,1,POL000288,,,LOB003,POL_ADMIN,POL000288
POL_ADMIN,POL000289-VEH000148,2020 Subaru Outback vehicle assigned to policy POL000289.,"May 17, 2026","May 16, 2027",2,1,POL000289,,,LOB003,POL_ADMIN,POL000289
POL_ADMIN,POL000290-VEH000149,2018 Tesla Model 3 vehicle assigned to policy POL000290.,"May 20, 2026","May 19, 2027",2,1,POL000290,,,LOB003,POL_ADMIN,POL000290
POL_ADMIN,POL000291-VEH000150,2025 Honda CR-V vehicle assigned to policy POL000291.,"May 23, 2026","May 22, 2027",3,1,POL000291,,,LOB003,POL_ADMIN,POL000291
POL_ADMIN,POL000292-VEH000151,2023 Subaru Forester vehicle assigned to policy POL000292.,"May 26, 2026","May 25, 2027",1,1,POL000292,,,LOB003,POL_ADMIN,POL000292
POL_ADMIN,POL000293-VEH000152,2021 Tesla Model Y vehicle assigned to policy POL000293.,"May 29, 2026","May 28, 2027",1,1,POL000293,,,LOB003,POL_ADMIN,POL000293
POL_ADMIN,POL000294-VEH000153,2019 Nissan Altima vehicle assigned to policy POL000294.,"Jun 01, 2026","May 31, 2027",1,1,POL000294,,,LOB003,POL_ADMIN,POL000294
POL_ADMIN,POL000295-VEH000154,2017 BMW 3 Series vehicle assigned to policy POL000295.,"Jun 04, 2026","Jun 03, 2027",1,1,POL000295,,,LOB003,POL_ADMIN,POL000295
POL_ADMIN,POL000296-VEH000155,2024 Toyota Camry vehicle assigned to policy POL000296.,"Jun 07, 2026","Jun 06, 2027",1,1,POL000296,,,LOB003,POL_ADMIN,POL000296
POL_ADMIN,POL000297-VEH000156,2022 Jeep Wrangler vehicle assigned to policy POL000297.,"Jun 10, 2026","Jun 09, 2027",2,1,POL000297,,,LOB003,POL_ADMIN,POL000297
POL_ADMIN,POL000298-VEH000157,2020 BMW X5 vehicle assigned to policy POL000298.,"Jun 13, 2026","Jun 12, 2027",2,1,POL000298,,,LOB003,POL_ADMIN,POL000298
POL_ADMIN,POL000299-VEH000158,2018 Toyota RAV4 vehicle assigned to policy POL000299.,"Jun 16, 2026","Jun 15, 2027",3,1,POL000299,,,LOB003,POL_ADMIN,POL000299
POL_ADMIN,POL000300-VEH000159,2025 Jeep Grand Cherokee vehicle assigned to policy POL000300.,"Jun 19, 2026","Jun 18, 2027",1,1,POL000300,,,LOB003,POL_ADMIN,POL000300
POL_ADMIN,POL000017-HOM000001,"100 Commerce Way, Richmond, VA property assigned to policy POL000017.","Feb 21, 2024","Feb 20, 2025",1,2,POL000017,POL_ADMIN,POL000017,LOB002,,
POL_ADMIN,POL000018-HOM000002,"107 Industrial Drive, Aurora, CO property assigned to policy POL000018.","Feb 24, 2024","Feb 23, 2025",1,2,POL000018,POL_ADMIN,POL000018,LOB002,,
POL_ADMIN,POL000019-HOM000003,"114 Market Street, Columbia, MO property assigned to policy POL000019.","Feb 27, 2024","Feb 26, 2025",1,2,POL000019,POL_ADMIN,POL000019,LOB002,,
POL_ADMIN,POL000020-HOM000004,"121 Logistics Parkway, Los Angeles, CA property assigned to policy POL000020.","Mar 01, 2024","Feb 28, 2025",1,2,POL000020,POL_ADMIN,POL000020,LOB002,,
POL_ADMIN,POL000021-HOM000005,"128 Commerce Way, Tampa, FL property assigned to policy POL000021.","Mar 04, 2024","Mar 03, 2025",1,2,POL000021,POL_ADMIN,POL000021,LOB002,,
POL_ADMIN,POL000022-HOM000006,"135 Industrial Drive, Cincinnati, OH property assigned to policy POL000022.","Mar 07, 2024","Mar 06, 2025",2,2,POL000022,POL_ADMIN,POL000022,LOB002,,
POL_ADMIN,POL000023-HOM000007,"142 Market Street, Detroit, MI property assigned to policy POL000023.","Mar 10, 2024","Mar 09, 2025",9,2,POL000023,POL_ADMIN,POL000023,LOB002,,
POL_ADMIN,POL000024-HOM000008,"149 Logistics Parkway, Tacoma, WA property assigned to policy POL000024.","Mar 13, 2024","Mar 12, 2025",3,2,POL000024,POL_ADMIN,POL000024,LOB002,,
POL_ADMIN,POL000025-HOM000009,"156 Commerce Way, Lowell, MA property assigned to policy POL000025.","Mar 16, 2024","Mar 15, 2025",1,2,POL000025,POL_ADMIN,POL000025,LOB002,,
POL_ADMIN,POL000026-HOM000010,"163 Industrial Drive, Minneapolis, MN property assigned to policy POL000026.","Mar 19, 2024","Mar 18, 2025",1,2,POL000026,POL_ADMIN,POL000026,LOB002,,
POL_ADMIN,POL000027-HOM000011,"170 Market Street, Albany, NY property assigned to policy POL000027.","Mar 22, 2024","Mar 21, 2025",1,2,POL000027,POL_ADMIN,POL000027,LOB002,,
POL_ADMIN,POL000028-HOM000012,"177 Logistics Parkway, Peoria, IL property assigned to policy POL000028.","Mar 25, 2024","Mar 24, 2025",1,2,POL000028,POL_ADMIN,POL000028,LOB002,,
POL_ADMIN,POL000029-HOM000013,"184 Commerce Way, Atlanta, GA property assigned to policy POL000029.","Mar 28, 2024","Mar 27, 2025",1,2,POL000029,POL_ADMIN,POL000029,LOB002,,
POL_ADMIN,POL000030-HOM000014,"191 Industrial Drive, Trenton, NJ property assigned to policy POL000030.","Mar 31, 2024","Mar 30, 2025",2,2,POL000030,POL_ADMIN,POL000030,LOB002,,
POL_ADMIN,POL000031-HOM000015,"198 Market Street, Tempe, AZ property assigned to policy POL000031.","Apr 03, 2024","Apr 02, 2025",9,2,POL000031,POL_ADMIN,POL000031,LOB002,,
POL_ADMIN,POL000032-HOM000016,"205 Logistics Parkway, Nashville, TN property assigned to policy POL000032.","Apr 06, 2024","Apr 05, 2025",3,2,POL000032,POL_ADMIN,POL000032,LOB002,,
POL_ADMIN,POL000048-HOM000017,"212 Oak Street, Naperville, IL property assigned to policy POL000048.","May 24, 2024","May 23, 2025",3,3,POL000048,POL_ADMIN,POL000048,LOB004,,
POL_ADMIN,POL000049-HOM000018,"219 Maple Avenue, Marietta, GA property assigned to policy POL000049.","May 27, 2024","May 26, 2025",1,3,POL000049,POL_ADMIN,POL000049,LOB004,,
POL_ADMIN,POL000050-HOM000019,"226 Cedar Lane, Newark, NJ property assigned to policy POL000050.","May 30, 2024","May 29, 2025",1,3,POL000050,POL_ADMIN,POL000050,LOB004,,
POL_ADMIN,POL000051-HOM000020,"233 Lakeview Drive, Mesa, AZ property assigned to policy POL000051.","Jun 02, 2024","Jun 01, 2025",1,3,POL000051,POL_ADMIN,POL000051,LOB004,,
POL_ADMIN,POL000052-HOM000021,"240 Oak Street, Knoxville, TN property assigned to policy POL000052.","Jun 05, 2024","Jun 04, 2025",1,3,POL000052,POL_ADMIN,POL000052,LOB004,,
POL_ADMIN,POL000053-HOM000022,"247 Maple Avenue, Milwaukee, WI property assigned to policy POL000053.","Jun 08, 2024","Jun 07, 2025",1,3,POL000053,POL_ADMIN,POL000053,LOB004,,
POL_ADMIN,POL000054-HOM000023,"254 Cedar Lane, Dallas, TX property assigned to policy POL000054.","Jun 11, 2024","Jun 10, 2025",2,3,POL000054,POL_ADMIN,POL000054,LOB004,,
POL_ADMIN,POL000055-HOM000024,"261 Lakeview Drive, Harrisburg, PA property assigned to policy POL000055.","Jun 14, 2024","Jun 13, 2025",2,3,POL000055,POL_ADMIN,POL000055,LOB004,,
POL_ADMIN,POL000056-HOM000025,"268 Oak Street, Charlotte, NC property assigned to policy POL000056.","Jun 17, 2024","Jun 16, 2025",3,3,POL000056,POL_ADMIN,POL000056,LOB004,,
POL_ADMIN,POL000057-HOM000026,"275 Maple Avenue, Norfolk, VA property assigned to policy POL000057.","Jun 20, 2024","Jun 19, 2025",1,3,POL000057,POL_ADMIN,POL000057,LOB004,,
POL_ADMIN,POL000058-HOM000027,"282 Cedar Lane, Boulder, CO property assigned to policy POL000058.","Jun 23, 2024","Jun 22, 2025",1,3,POL000058,POL_ADMIN,POL000058,LOB004,,
POL_ADMIN,POL000059-HOM000028,"289 Lakeview Drive, Kansas City, MO property assigned to policy POL000059.","Jun 26, 2024","Jun 25, 2025",1,3,POL000059,POL_ADMIN,POL000059,LOB004,,
POL_ADMIN,POL000060-HOM000029,"296 Oak Street, San Diego, CA property assigned to policy POL000060.","Jun 29, 2024","Jun 28, 2025",1,3,POL000060,POL_ADMIN,POL000060,LOB004,,
POL_ADMIN,POL000061-HOM000030,"303 Maple Avenue, Jacksonville, FL property assigned to policy POL000061.","Jul 02, 2024","Jul 01, 2025",1,3,POL000061,POL_ADMIN,POL000061,LOB004,,
POL_ADMIN,POL000062-HOM000031,"310 Cedar Lane, Columbus, OH property assigned to policy POL000062.","Jul 05, 2024","Jul 04, 2025",2,3,POL000062,POL_ADMIN,POL000062,LOB004,,
POL_ADMIN,POL000063-HOM000032,"317 Lakeview Drive, Grand Rapids, MI property assigned to policy POL000063.","Jul 08, 2024","Jul 07, 2025",2,3,POL000063,POL_ADMIN,POL000063,LOB004,,
POL_ADMIN,POL000064-HOM000033,"324 Oak Street, Spokane, WA property assigned to policy POL000064.","Jul 11, 2024","Jul 10, 2025",3,3,POL000064,POL_ADMIN,POL000064,LOB004,,
POL_ADMIN,POL000081-HOM000034,"331 Industrial Drive, Orlando, FL property assigned to policy POL000081.","Aug 31, 2024","Aug 30, 2025",1,2,POL000081,POL_ADMIN,POL000081,LOB002,,
POL_ADMIN,POL000082-HOM000035,"338 Market Street, Cleveland, OH property assigned to policy POL000082.","Sep 03, 2024","Sep 02, 2025",1,2,POL000082,POL_ADMIN,POL000082,LOB002,,
POL_ADMIN,POL000083-HOM000036,"345 Logistics Parkway, Lansing, MI property assigned to policy POL000083.","Sep 06, 2024","Sep 05, 2025",1,2,POL000083,POL_ADMIN,POL000083,LOB002,,
POL_ADMIN,POL000084-HOM000037,"352 Commerce Way, Seattle, WA property assigned to policy POL000084.","Sep 09, 2024","Sep 08, 2025",1,2,POL000084,POL_ADMIN,POL000084,LOB002,,
POL_ADMIN,POL000085-HOM000038,"359 Industrial Drive, Worcester, MA property assigned to policy POL000085.","Sep 12, 2024","Sep 11, 2025",1,2,POL000085,POL_ADMIN,POL000085,LOB002,,
POL_ADMIN,POL000086-HOM000039,"366 Market Street, Duluth, MN property assigned to policy POL000086.","Sep 15, 2024","Sep 14, 2025",1,2,POL000086,POL_ADMIN,POL000086,LOB002,,
POL_ADMIN,POL000087-HOM000040,"373 Logistics Parkway, Buffalo, NY property assigned to policy POL000087.","Sep 18, 2024","Sep 17, 2025",2,2,POL000087,POL_ADMIN,POL000087,LOB002,,
POL_ADMIN,POL000088-HOM000041,"380 Commerce Way, Naperville, IL property assigned to policy POL000088.","Sep 21, 2024","Sep 20, 2025",9,2,POL000088,POL_ADMIN,POL000088,LOB002,,
POL_ADMIN,POL000089-HOM000042,"387 Industrial Drive, Marietta, GA property assigned to policy POL000089.","Sep 24, 2024","Sep 23, 2025",1,2,POL000089,POL_ADMIN,POL000089,LOB002,,
POL_ADMIN,POL000090-HOM000043,"394 Market Street, Newark, NJ property assigned to policy POL000090.","Sep 27, 2024","Sep 26, 2025",1,2,POL000090,POL_ADMIN,POL000090,LOB002,,
POL_ADMIN,POL000091-HOM000044,"401 Logistics Parkway, Mesa, AZ property assigned to policy POL000091.","Sep 30, 2024","Sep 29, 2025",1,2,POL000091,POL_ADMIN,POL000091,LOB002,,
POL_ADMIN,POL000092-HOM000045,"408 Commerce Way, Knoxville, TN property assigned to policy POL000092.","Oct 03, 2024","Oct 02, 2025",1,2,POL000092,POL_ADMIN,POL000092,LOB002,,
POL_ADMIN,POL000093-HOM000046,"415 Industrial Drive, Milwaukee, WI property assigned to policy POL000093.","Oct 06, 2024","Oct 05, 2025",1,2,POL000093,POL_ADMIN,POL000093,LOB002,,
POL_ADMIN,POL000094-HOM000047,"422 Market Street, Dallas, TX property assigned to policy POL000094.","Oct 09, 2024","Oct 08, 2025",1,2,POL000094,POL_ADMIN,POL000094,LOB002,,
POL_ADMIN,POL000095-HOM000048,"429 Logistics Parkway, Harrisburg, PA property assigned to policy POL000095.","Oct 12, 2024","Oct 11, 2025",2,2,POL000095,POL_ADMIN,POL000095,LOB002,,
POL_ADMIN,POL000096-HOM000049,"436 Commerce Way, Charlotte, NC property assigned to policy POL000096.","Oct 15, 2024","Oct 14, 2025",9,2,POL000096,POL_ADMIN,POL000096,LOB002,,
POL_ADMIN,POL000113-HOM000050,"443 Maple Avenue, Madison, WI property assigned to policy POL000113.","Dec 05, 2024","Dec 04, 2025",3,3,POL000113,POL_ADMIN,POL000113,LOB004,,
POL_ADMIN,POL000114-HOM000051,"450 Cedar Lane, Houston, TX property assigned to policy POL000114.","Dec 08, 2024","Dec 07, 2025",1,3,POL000114,POL_ADMIN,POL000114,LOB004,,
POL_ADMIN,POL000115-HOM000052,"457 Lakeview Drive, Philadelphia, PA property assigned to policy POL000115.","Dec 11, 2024","Dec 10, 2025",1,3,POL000115,POL_ADMIN,POL000115,LOB004,,
POL_ADMIN,POL000116-HOM000053,"464 Oak Street, Raleigh, NC property assigned to policy POL000116.","Dec 14, 2024","Dec 13, 2025",1,3,POL000116,POL_ADMIN,POL000116,LOB004,,
POL_ADMIN,POL000117-HOM000054,"471 Maple Avenue, Arlington, VA property assigned to policy POL000117.","Dec 17, 2024","Dec 16, 2025",1,3,POL000117,POL_ADMIN,POL000117,LOB004,,
POL_ADMIN,POL000118-HOM000055,"478 Cedar Lane, Denver, CO property assigned to policy POL000118.","Dec 20, 2024","Dec 19, 2025",1,3,POL000118,POL_ADMIN,POL000118,LOB004,,
POL_ADMIN,POL000119-HOM000056,"485 Lakeview Drive, Saint Louis, MO property assigned to policy POL000119.","Dec 23, 2024","Dec 22, 2025",2,3,POL000119,POL_ADMIN,POL000119,LOB004,,
POL_ADMIN,POL000120-HOM000057,"492 Oak Street, Sacramento, CA property assigned to policy POL000120.","Dec 26, 2024","Dec 25, 2025",4,3,POL000120,POL_ADMIN,POL000120,LOB004,,
POL_ADMIN,POL000121-HOM000058,"499 Maple Avenue, Orlando, FL property assigned to policy POL000121.","Dec 29, 2024","Dec 28, 2025",3,3,POL000121,POL_ADMIN,POL000121,LOB004,,
POL_ADMIN,POL000122-HOM000059,"506 Cedar Lane, Cleveland, OH property assigned to policy POL000122.","Jan 01, 2025","Dec 31, 2025",1,3,POL000122,POL_ADMIN,POL000122,LOB004,,
POL_ADMIN,POL000123-HOM000060,"513 Lakeview Drive, Lansing, MI property assigned to policy POL000123.","Jan 04, 2025","Jan 03, 2026",1,3,POL000123,POL_ADMIN,POL000123,LOB004,,
POL_ADMIN,POL000124-HOM000061,"520 Oak Street, Seattle, WA property assigned to policy POL000124.","Jan 07, 2025","Jan 06, 2026",1,3,POL000124,POL_ADMIN,POL000124,LOB004,,
POL_ADMIN,POL000125-HOM000062,"527 Maple Avenue, Worcester, MA property assigned to policy POL000125.","Jan 10, 2025","Jan 09, 2026",1,3,POL000125,POL_ADMIN,POL000125,LOB004,,
POL_ADMIN,POL000126-HOM000063,"534 Cedar Lane, Duluth, MN property assigned to policy POL000126.","Jan 13, 2025","Jan 12, 2026",1,3,POL000126,POL_ADMIN,POL000126,LOB004,,
POL_ADMIN,POL000127-HOM000064,"541 Lakeview Drive, Buffalo, NY property assigned to policy POL000127.","Jan 16, 2025","Jan 15, 2026",2,3,POL000127,POL_ADMIN,POL000127,LOB004,,
POL_ADMIN,POL000128-HOM000065,"548 Oak Street, Naperville, IL property assigned to policy POL000128.","Jan 19, 2025","Jan 18, 2026",2,3,POL000128,POL_ADMIN,POL000128,LOB004,,
POL_ADMIN,POL000144-HOM000066,"555 Industrial Drive, Spokane, WA property assigned to policy POL000144.","Mar 08, 2025","Mar 07, 2026",2,2,POL000144,POL_ADMIN,POL000144,LOB002,,
POL_ADMIN,POL000145-HOM000067,"562 Market Street, Boston, MA property assigned to policy POL000145.","Mar 11, 2025","Mar 10, 2026",3,2,POL000145,POL_ADMIN,POL000145,LOB002,,
POL_ADMIN,POL000146-HOM000068,"569 Logistics Parkway, Saint Paul, MN property assigned to policy POL000146.","Mar 14, 2025","Mar 13, 2026",1,2,POL000146,POL_ADMIN,POL000146,LOB002,,
POL_ADMIN,POL000147-HOM000069,"576 Commerce Way, Rochester, NY property assigned to policy POL000147.","Mar 17, 2025","Mar 16, 2026",1,2,POL000147,POL_ADMIN,POL000147,LOB002,,
POL_ADMIN,POL000148-HOM000070,"583 Industrial Drive, Chicago, IL property assigned to policy POL000148.","Mar 20, 2025","Mar 19, 2026",1,2,POL000148,POL_ADMIN,POL000148,LOB002,,
POL_ADMIN,POL000149-HOM000071,"590 Market Street, Savannah, GA property assigned to policy POL000149.","Mar 23, 2025","Mar 22, 2026",1,2,POL000149,POL_ADMIN,POL000149,LOB002,,
POL_ADMIN,POL000150-HOM000072,"597 Logistics Parkway, Princeton, NJ property assigned to policy POL000150.","Mar 26, 2025","Mar 25, 2026",1,2,POL000150,POL_ADMIN,POL000150,LOB002,,
POL_ADMIN,POL000151-HOM000073,"604 Commerce Way, Phoenix, AZ property assigned to policy POL000151.","Mar 29, 2025","Mar 28, 2026",1,2,POL000151,POL_ADMIN,POL000151,LOB002,,
POL_ADMIN,POL000152-HOM000074,"611 Industrial Drive, Memphis, TN property assigned to policy POL000152.","Apr 01, 2025","Mar 31, 2026",2,2,POL000152,POL_ADMIN,POL000152,LOB002,,
POL_ADMIN,POL000153-HOM000075,"618 Market Street, Green Bay, WI property assigned to policy POL000153.","Apr 04, 2025","Apr 03, 2026",3,2,POL000153,POL_ADMIN,POL000153,LOB002,,
POL_ADMIN,POL000154-HOM000076,"625 Logistics Parkway, Austin, TX property assigned to policy POL000154.","Apr 07, 2025","Apr 06, 2026",1,2,POL000154,POL_ADMIN,POL000154,LOB002,,
POL_ADMIN,POL000155-HOM000077,"632 Commerce Way, Pittsburgh, PA property assigned to policy POL000155.","Apr 10, 2025","Apr 09, 2026",1,2,POL000155,POL_ADMIN,POL000155,LOB002,,
POL_ADMIN,POL000156-HOM000078,"639 Industrial Drive, Durham, NC property assigned to policy POL000156.","Apr 13, 2025","Apr 12, 2026",1,2,POL000156,POL_ADMIN,POL000156,LOB002,,
POL_ADMIN,POL000157-HOM000079,"646 Market Street, Richmond, VA property assigned to policy POL000157.","Apr 16, 2025","Apr 15, 2026",1,2,POL000157,POL_ADMIN,POL000157,LOB002,,
POL_ADMIN,POL000158-HOM000080,"653 Logistics Parkway, Aurora, CO property assigned to policy POL000158.","Apr 19, 2025","Apr 18, 2026",1,2,POL000158,POL_ADMIN,POL000158,LOB002,,
POL_ADMIN,POL000159-HOM000081,"660 Commerce Way, Columbia, MO property assigned to policy POL000159.","Apr 22, 2025","Apr 21, 2026",1,2,POL000159,POL_ADMIN,POL000159,LOB002,,
POL_ADMIN,POL000160-HOM000082,"667 Industrial Drive, Los Angeles, CA property assigned to policy POL000160.","Apr 25, 2025","Apr 24, 2026",2,2,POL000160,POL_ADMIN,POL000160,LOB002,,
POL_ADMIN,POL000177-HOM000083,"674 Cedar Lane, Norfolk, VA property assigned to policy POL000177.","Jun 15, 2025","Jun 14, 2026",9,3,POL000177,POL_ADMIN,POL000177,LOB004,,
POL_ADMIN,POL000178-HOM000084,"681 Lakeview Drive, Boulder, CO property assigned to policy POL000178.","Jun 18, 2025","Jun 17, 2026",3,3,POL000178,POL_ADMIN,POL000178,LOB004,,
POL_ADMIN,POL000179-HOM000085,"688 Oak Street, Kansas City, MO property assigned to policy POL000179.","Jun 21, 2025","Jun 20, 2026",1,3,POL000179,POL_ADMIN,POL000179,LOB004,,
POL_ADMIN,POL000180-HOM000086,"695 Maple Avenue, San Diego, CA property assigned to policy POL000180.","Jun 24, 2025","Jun 23, 2026",1,3,POL000180,POL_ADMIN,POL000180,LOB004,,
POL_ADMIN,POL000181-HOM000087,"702 Cedar Lane, Jacksonville, FL property assigned to policy POL000181.","Jun 27, 2025","Jun 26, 2026",1,3,POL000181,POL_ADMIN,POL000181,LOB004,,
POL_ADMIN,POL000182-HOM000088,"709 Lakeview Drive, Columbus, OH property assigned to policy POL000182.","Jun 30, 2025","Jun 29, 2026",1,3,POL000182,POL_ADMIN,POL000182,LOB004,,
POL_ADMIN,POL000183-HOM000089,"716 Oak Street, Grand Rapids, MI property assigned to policy POL000183.","Jul 03, 2025","Jul 02, 2026",1,3,POL000183,POL_ADMIN,POL000183,LOB004,,
POL_ADMIN,POL000184-HOM000090,"723 Maple Avenue, Spokane, WA property assigned to policy POL000184.","Jul 06, 2025","Jul 05, 2026",2,3,POL000184,POL_ADMIN,POL000184,LOB004,,
POL_ADMIN,POL000185-HOM000091,"730 Cedar Lane, Boston, MA property assigned to policy POL000185.","Jul 09, 2025","Jul 08, 2026",4,3,POL000185,POL_ADMIN,POL000185,LOB004,,
POL_ADMIN,POL000186-HOM000092,"737 Lakeview Drive, Saint Paul, MN property assigned to policy POL000186.","Jul 12, 2025","Jul 11, 2026",3,3,POL000186,POL_ADMIN,POL000186,LOB004,,
POL_ADMIN,POL000187-HOM000093,"744 Oak Street, Rochester, NY property assigned to policy POL000187.","Jul 15, 2025","Jul 14, 2026",1,3,POL000187,POL_ADMIN,POL000187,LOB004,,
POL_ADMIN,POL000188-HOM000094,"751 Maple Avenue, Chicago, IL property assigned to policy POL000188.","Jul 18, 2025","Jul 17, 2026",1,3,POL000188,POL_ADMIN,POL000188,LOB004,,
POL_ADMIN,POL000189-HOM000095,"758 Cedar Lane, Savannah, GA property assigned to policy POL000189.","Jul 21, 2025","Jul 20, 2026",1,3,POL000189,POL_ADMIN,POL000189,LOB004,,
POL_ADMIN,POL000190-HOM000096,"765 Lakeview Drive, Princeton, NJ property assigned to policy POL000190.","Jul 24, 2025","Jul 23, 2026",1,3,POL000190,POL_ADMIN,POL000190,LOB004,,
POL_ADMIN,POL000191-HOM000097,"772 Oak Street, Phoenix, AZ property assigned to policy POL000191.","Jul 27, 2025","Jul 26, 2026",1,3,POL000191,POL_ADMIN,POL000191,LOB004,,
POL_ADMIN,POL000192-HOM000098,"779 Maple Avenue, Memphis, TN property assigned to policy POL000192.","Jul 30, 2025","Jul 29, 2026",2,3,POL000192,POL_ADMIN,POL000192,LOB004,,
POL_ADMIN,POL000209-HOM000099,"786 Market Street, Marietta, GA property assigned to policy POL000209.","Sep 19, 2025","Sep 18, 2026",2,2,POL000209,POL_ADMIN,POL000209,LOB002,,
POL_ADMIN,POL000210-HOM000100,"793 Logistics Parkway, Newark, NJ property assigned to policy POL000210.","Sep 22, 2025","Sep 21, 2026",3,2,POL000210,POL_ADMIN,POL000210,LOB002,,
POL_ADMIN,POL000211-HOM000101,"800 Commerce Way, Mesa, AZ property assigned to policy POL000211.","Sep 25, 2025","Sep 24, 2026",1,2,POL000211,POL_ADMIN,POL000211,LOB002,,
POL_ADMIN,POL000212-HOM000102,"807 Industrial Drive, Knoxville, TN property assigned to policy POL000212.","Sep 28, 2025","Sep 27, 2026",1,2,POL000212,POL_ADMIN,POL000212,LOB002,,
POL_ADMIN,POL000213-HOM000103,"814 Market Street, Milwaukee, WI property assigned to policy POL000213.","Oct 01, 2025","Sep 30, 2026",1,2,POL000213,POL_ADMIN,POL000213,LOB002,,
POL_ADMIN,POL000214-HOM000104,"821 Logistics Parkway, Dallas, TX property assigned to policy POL000214.","Oct 04, 2025","Oct 03, 2026",1,2,POL000214,POL_ADMIN,POL000214,LOB002,,
POL_ADMIN,POL000215-HOM000105,"828 Commerce Way, Harrisburg, PA property assigned to policy POL000215.","Oct 07, 2025","Oct 06, 2026",1,2,POL000215,POL_ADMIN,POL000215,LOB002,,
POL_ADMIN,POL000216-HOM000106,"835 Industrial Drive, Charlotte, NC property assigned to policy POL000216.","Oct 10, 2025","Oct 09, 2026",2,2,POL000216,POL_ADMIN,POL000216,LOB002,,
POL_ADMIN,POL000217-HOM000107,"842 Market Street, Norfolk, VA property assigned to policy POL000217.","Oct 13, 2025","Oct 12, 2026",2,2,POL000217,POL_ADMIN,POL000217,LOB002,,
POL_ADMIN,POL000218-HOM000108,"849 Logistics Parkway, Boulder, CO property assigned to policy POL000218.","Oct 16, 2025","Oct 15, 2026",3,2,POL000218,POL_ADMIN,POL000218,LOB002,,
POL_ADMIN,POL000219-HOM000109,"856 Commerce Way, Kansas City, MO property assigned to policy POL000219.","Oct 19, 2025","Oct 18, 2026",1,2,POL000219,POL_ADMIN,POL000219,LOB002,,
POL_ADMIN,POL000220-HOM000110,"863 Industrial Drive, San Diego, CA property assigned to policy POL000220.","Oct 22, 2025","Oct 21, 2026",1,2,POL000220,POL_ADMIN,POL000220,LOB002,,
POL_ADMIN,POL000221-HOM000111,"870 Market Street, Jacksonville, FL property assigned to policy POL000221.","Oct 25, 2025","Oct 24, 2026",1,2,POL000221,POL_ADMIN,POL000221,LOB002,,
POL_ADMIN,POL000222-HOM000112,"877 Logistics Parkway, Columbus, OH property assigned to policy POL000222.","Oct 28, 2025","Oct 27, 2026",1,2,POL000222,POL_ADMIN,POL000222,LOB002,,
POL_ADMIN,POL000223-HOM000113,"884 Commerce Way, Grand Rapids, MI property assigned to policy POL000223.","Oct 31, 2025","Oct 30, 2026",1,2,POL000223,POL_ADMIN,POL000223,LOB002,,
POL_ADMIN,POL000224-HOM000114,"891 Industrial Drive, Spokane, WA property assigned to policy POL000224.","Nov 03, 2025","Nov 02, 2026",1,2,POL000224,POL_ADMIN,POL000224,LOB002,,
POL_ADMIN,POL000240-HOM000115,"898 Cedar Lane, Los Angeles, CA property assigned to policy POL000240.","Dec 21, 2025","Dec 20, 2026",1,3,POL000240,POL_ADMIN,POL000240,LOB004,,
POL_ADMIN,POL000241-HOM000116,"905 Lakeview Drive, Tampa, FL property assigned to policy POL000241.","Dec 24, 2025","Dec 23, 2026",2,3,POL000241,POL_ADMIN,POL000241,LOB004,,
POL_ADMIN,POL000242-HOM000117,"912 Oak Street, Cincinnati, OH property assigned to policy POL000242.","Dec 27, 2025","Dec 26, 2026",9,3,POL000242,POL_ADMIN,POL000242,LOB004,,
POL_ADMIN,POL000243-HOM000118,"919 Maple Avenue, Detroit, MI property assigned to policy POL000243.","Dec 30, 2025","Dec 29, 2026",1,3,POL000243,POL_ADMIN,POL000243,LOB004,,
POL_ADMIN,POL000244-HOM000119,"926 Cedar Lane, Tacoma, WA property assigned to policy POL000244.","Jan 02, 2026","Jan 01, 2027",1,3,POL000244,POL_ADMIN,POL000244,LOB004,,
POL_ADMIN,POL000245-HOM000120,"933 Lakeview Drive, Lowell, MA property assigned to policy POL000245.","Jan 05, 2026","Jan 04, 2027",1,3,POL000245,POL_ADMIN,POL000245,LOB004,,
POL_ADMIN,POL000246-HOM000121,"940 Oak Street, Minneapolis, MN property assigned to policy POL000246.","Jan 08, 2026","Jan 07, 2027",1,3,POL000246,POL_ADMIN,POL000246,LOB004,,
POL_ADMIN,POL000247-HOM000122,"947 Maple Avenue, Albany, NY property assigned to policy POL000247.","Jan 11, 2026","Jan 10, 2027",1,3,POL000247,POL_ADMIN,POL000247,LOB004,,
POL_ADMIN,POL000248-HOM000123,"954 Cedar Lane, Peoria, IL property assigned to policy POL000248.","Jan 14, 2026","Jan 13, 2027",1,3,POL000248,POL_ADMIN,POL000248,LOB004,,
POL_ADMIN,POL000249-HOM000124,"961 Lakeview Drive, Atlanta, GA property assigned to policy POL000249.","Jan 17, 2026","Jan 16, 2027",2,3,POL000249,POL_ADMIN,POL000249,LOB004,,
POL_ADMIN,POL000250-HOM000125,"968 Oak Street, Trenton, NJ property assigned to policy POL000250.","Jan 20, 2026","Jan 19, 2027",9,3,POL000250,POL_ADMIN,POL000250,LOB004,,
POL_ADMIN,POL000251-HOM000126,"975 Maple Avenue, Tempe, AZ property assigned to policy POL000251.","Jan 23, 2026","Jan 22, 2027",3,3,POL000251,POL_ADMIN,POL000251,LOB004,,
POL_ADMIN,POL000252-HOM000127,"982 Cedar Lane, Nashville, TN property assigned to policy POL000252.","Jan 26, 2026","Jan 25, 2027",1,3,POL000252,POL_ADMIN,POL000252,LOB004,,
POL_ADMIN,POL000253-HOM000128,"989 Lakeview Drive, Madison, WI property assigned to policy POL000253.","Jan 29, 2026","Jan 28, 2027",1,3,POL000253,POL_ADMIN,POL000253,LOB004,,
POL_ADMIN,POL000254-HOM000129,"996 Oak Street, Houston, TX property assigned to policy POL000254.","Feb 01, 2026","Jan 31, 2027",1,3,POL000254,POL_ADMIN,POL000254,LOB004,,
POL_ADMIN,POL000255-HOM000130,"1003 Maple Avenue, Philadelphia, PA property assigned to policy POL000255.","Feb 04, 2026","Feb 03, 2027",1,3,POL000255,POL_ADMIN,POL000255,LOB004,,
POL_ADMIN,POL000256-HOM000131,"1010 Cedar Lane, Raleigh, NC property assigned to policy POL000256.","Feb 07, 2026","Feb 06, 2027",1,3,POL000256,POL_ADMIN,POL000256,LOB004,,
POL_ADMIN,POL000273-HOM000132,"1017 Logistics Parkway, Green Bay, WI property assigned to policy POL000273.","Mar 30, 2026","Mar 29, 2027",2,2,POL000273,POL_ADMIN,POL000273,LOB002,,
POL_ADMIN,POL000274-HOM000133,"1024 Commerce Way, Austin, TX property assigned to policy POL000274.","Apr 02, 2026","Apr 01, 2027",4,2,POL000274,POL_ADMIN,POL000274,LOB002,,
POL_ADMIN,POL000275-HOM000134,"1031 Industrial Drive, Pittsburgh, PA property assigned to policy POL000275.","Apr 05, 2026","Apr 04, 2027",3,2,POL000275,POL_ADMIN,POL000275,LOB002,,
POL_ADMIN,POL000276-HOM000135,"1038 Market Street, Durham, NC property assigned to policy POL000276.","Apr 08, 2026","Apr 07, 2027",1,2,POL000276,POL_ADMIN,POL000276,LOB002,,
POL_ADMIN,POL000277-HOM000136,"1045 Logistics Parkway, Richmond, VA property assigned to policy POL000277.","Apr 11, 2026","Apr 10, 2027",1,2,POL000277,POL_ADMIN,POL000277,LOB002,,
POL_ADMIN,POL000278-HOM000137,"1052 Commerce Way, Aurora, CO property assigned to policy POL000278.","Apr 14, 2026","Apr 13, 2027",1,2,POL000278,POL_ADMIN,POL000278,LOB002,,
POL_ADMIN,POL000279-HOM000138,"1059 Industrial Drive, Columbia, MO property assigned to policy POL000279.","Apr 17, 2026","Apr 16, 2027",1,2,POL000279,POL_ADMIN,POL000279,LOB002,,
POL_ADMIN,POL000280-HOM000139,"1066 Market Street, Los Angeles, CA property assigned to policy POL000280.","Apr 20, 2026","Apr 19, 2027",1,2,POL000280,POL_ADMIN,POL000280,LOB002,,
POL_ADMIN,POL000281-HOM000140,"1073 Logistics Parkway, Tampa, FL property assigned to policy POL000281.","Apr 23, 2026","Apr 22, 2027",2,2,POL000281,POL_ADMIN,POL000281,LOB002,,
POL_ADMIN,POL000282-HOM000141,"1080 Commerce Way, Cincinnati, OH property assigned to policy POL000282.","Apr 26, 2026","Apr 25, 2027",2,2,POL000282,POL_ADMIN,POL000282,LOB002,,
POL_ADMIN,POL000283-HOM000142,"1087 Industrial Drive, Detroit, MI property assigned to policy POL000283.","Apr 29, 2026","Apr 28, 2027",3,2,POL000283,POL_ADMIN,POL000283,LOB002,,
POL_ADMIN,POL000284-HOM000143,"1094 Market Street, Tacoma, WA property assigned to policy POL000284.","May 02, 2026","May 01, 2027",1,2,POL000284,POL_ADMIN,POL000284,LOB002,,
POL_ADMIN,POL000285-HOM000144,"1101 Logistics Parkway, Lowell, MA property assigned to policy POL000285.","May 05, 2026","May 04, 2027",1,2,POL000285,POL_ADMIN,POL000285,LOB002,,
POL_ADMIN,POL000286-HOM000145,"1108 Commerce Way, Minneapolis, MN property assigned to policy POL000286.","May 08, 2026","May 07, 2027",1,2,POL000286,POL_ADMIN,POL000286,LOB002,,
POL_ADMIN,POL000287-HOM000146,"1115 Industrial Drive, Albany, NY property assigned to policy POL000287.","May 11, 2026","May 10, 2027",1,2,POL000287,POL_ADMIN,POL000287,LOB002,,
POL_ADMIN,POL000288-HOM000147,"1122 Market Street, Peoria, IL property assigned to policy POL000288.","May 14, 2026","May 13, 2027",1,2,POL000288,POL_ADMIN,POL000288,LOB002,,
POL_ADMIN,POL000301-VEH000160,2020 Ram 1500 vehicle assigned to replacement policy POL000301.,"Aug 04, 2025","Aug 03, 2026",1,1,POL000301,,,LOB001,POL_ADMIN,POL000301
POL_ADMIN,POL000302-VEH000161,2024 Ram 1500 vehicle assigned to replacement policy POL000302.,"Feb 15, 2026","Feb 14, 2027",1,1,POL000302,,,LOB001,POL_ADMIN,POL000302
POL_ADMIN,POL000303-VEH000162,2021 Toyota RAV4 vehicle assigned to replacement policy POL000303.,"Nov 09, 2026","Nov 08, 2027",1,1,POL000303,,,LOB003,POL_ADMIN,POL000303
POL_ADMIN,POL000304-VEH000163,2025 Honda CR-V vehicle assigned to replacement policy POL000304.,"May 23, 2027","May 22, 2028",1,1,POL000304,,,LOB003,POL_ADMIN,POL000304
POL_ADMIN,POL000305-VEH000164,2018 Toyota RAV4 vehicle assigned to replacement policy POL000305.,"Jun 16, 2027","Jun 15, 2028",1,1,POL000305,,,LOB003,POL_ADMIN,POL000305
POL_ADMIN,POL000306-VEH000165,2025 Honda CR-V vehicle assigned to replacement policy POL000306.,"Apr 30, 2025","Apr 29, 2026",1,1,POL000306,,,LOB003,POL_ADMIN,POL000306
POL_ADMIN,POL000307-VEH000166,2018 Toyota RAV4 vehicle assigned to replacement policy POL000307.,"May 24, 2025","May 23, 2026",1,1,POL000307,,,LOB003,POL_ADMIN,POL000307
POL_ADMIN,POL000308-VEH000167,2022 Ram 1500 vehicle assigned to replacement policy POL000308.,"Jan 22, 2026","Jan 21, 2027",1,1,POL000308,,,LOB001,POL_ADMIN,POL000308
POL_ADMIN,POL000309-VEH000168,2017 Ram 1500 vehicle assigned to replacement policy POL000309.,"Aug 05, 2026","Aug 04, 2027",1,1,POL000309,,,LOB001,POL_ADMIN,POL000309
POL_ADMIN,POL000310-VEH000169,2019 Ram 1500 vehicle assigned to replacement policy POL000310.,"Aug 29, 2026","Aug 28, 2027",1,1,POL000310,,,LOB001,POL_ADMIN,POL000310
POL_ADMIN,POL000311-VEH000170,2025 Ford F-150 vehicle assigned to replacement policy POL000311.,"Mar 12, 2027","Mar 11, 2028",1,1,POL000311,,,LOB001,POL_ADMIN,POL000311
POL_ADMIN,POL000312-VEH000171,2023 Ford F-150 vehicle assigned to replacement policy POL000312.,"Jan 22, 2025","Jan 21, 2026",1,1,POL000312,,,LOB001,POL_ADMIN,POL000312
POL_ADMIN,POL000313-VEH000172,2025 Ford F-150 vehicle assigned to replacement policy POL000313.,"Feb 15, 2025","Feb 14, 2026",1,1,POL000313,,,LOB001,POL_ADMIN,POL000313
POL_ADMIN,POL000314-VEH000173,2022 Ram 1500 vehicle assigned to replacement policy POL000314.,"Aug 28, 2025","Aug 27, 2026",1,1,POL000314,,,LOB001,POL_ADMIN,POL000314
POL_ADMIN,POL000315-VEH000174,2020 Honda Accord vehicle assigned to replacement policy POL000315.,"Oct 15, 2025","Oct 14, 2026",1,1,POL000315,,,LOB003,POL_ADMIN,POL000315
POL_ADMIN,POL000316-VEH000175,2022 Toyota Camry vehicle assigned to replacement policy POL000316.,"Nov 08, 2025","Nov 07, 2026",1,1,POL000316,,,LOB003,POL_ADMIN,POL000316
POL_ADMIN,POL000317-VEH000176,2017 Tesla Model Y vehicle assigned to replacement policy POL000317.,"Apr 28, 2026","Apr 27, 2027",1,1,POL000317,,,LOB003,POL_ADMIN,POL000317
POL_ADMIN,POL000318-VEH000177,2019 Mercedes-Benz C-Class vehicle assigned to replacement policy POL000318.,"May 22, 2026","May 21, 2027",1,1,POL000318,,,LOB003,POL_ADMIN,POL000318
POL_ADMIN,POL000319-VEH000178,2023 Tesla Model Y vehicle assigned to replacement policy POL000319.,"Dec 03, 2026","Dec 02, 2027",1,1,POL000319,,,LOB003,POL_ADMIN,POL000319
POL_ADMIN,POL000320-VEH000179,2020 Jeep Wrangler vehicle assigned to replacement policy POL000320.,"Nov 11, 2025","Nov 10, 2026",1,1,POL000320,,,LOB003,POL_ADMIN,POL000320
POL_ADMIN,POL000321-VEH000180,2023 Ford F-150 vehicle assigned to replacement policy POL000321.,"Feb 16, 2027","Feb 15, 2028",1,1,POL000321,,,LOB001,POL_ADMIN,POL000321
POL_ADMIN,POL000322-VEH000181,2018 Tesla Model 3 vehicle assigned to replacement policy POL000322.,"Apr 27, 2025","Apr 26, 2026",1,1,POL000322,,,LOB003,POL_ADMIN,POL000322
POL_ADMIN,POL000323-VEH000182,2020 BMW X5 vehicle assigned to replacement policy POL000323.,"May 21, 2025","May 20, 2026",1,1,POL000323,,,LOB003,POL_ADMIN,POL000323
POL_ADMIN,POL000324-VEH000183,2024 Tesla Model 3 vehicle assigned to replacement policy POL000324.,"Dec 02, 2025","Dec 01, 2026",1,1,POL000324,,,LOB003,POL_ADMIN,POL000324
POL_ADMIN,POL000325-VEH000184,2019 Ford F-150 vehicle assigned to replacement policy POL000325.,"Aug 02, 2026","Aug 01, 2027",1,1,POL000325,,,LOB001,POL_ADMIN,POL000325
POL_ADMIN,POL000326-VEH000185,2021 Ford F-150 vehicle assigned to replacement policy POL000326.,"Aug 26, 2026","Aug 25, 2027",1,1,POL000326,,,LOB001,POL_ADMIN,POL000326
POL_ADMIN,POL000327-VEH000186,2025 Ram 1500 vehicle assigned to replacement policy POL000327.,"Feb 13, 2027","Feb 12, 2028",1,1,POL000327,,,LOB001,POL_ADMIN,POL000327
POL_ADMIN,POL000328-VEH000187,2018 Ram 1500 vehicle assigned to replacement policy POL000328.,"Mar 09, 2027","Mar 08, 2028",1,1,POL000328,,,LOB001,POL_ADMIN,POL000328
POL_ADMIN,POL000329-VEH000188,2020 Subaru Outback vehicle assigned to replacement policy POL000329.,"Apr 24, 2025","Apr 23, 2026",1,1,POL000329,,,LOB003,POL_ADMIN,POL000329
POL_ADMIN,POL000330-VEH000189,2022 Jeep Wrangler vehicle assigned to replacement policy POL000330.,"May 18, 2025","May 17, 2026",1,1,POL000330,,,LOB003,POL_ADMIN,POL000330
POL_ADMIN,POL000331-HOM000148,"268 Oak Street, Charlotte, NC home assigned to replacement policy POL000331.","Jun 17, 2025","Jun 16, 2026",1,3,POL000331,POL_ADMIN,POL000331,LOB004,,
POL_ADMIN,POL000332-HOM000149,"324 Oak Street, Spokane, WA home assigned to replacement policy POL000332.","Jul 11, 2025","Jul 10, 2026",1,3,POL000332,POL_ADMIN,POL000332,LOB004,,
POL_ADMIN,POL000333-HOM000150,"212 Oak Street, Naperville, IL home assigned to replacement policy POL000333.","May 24, 2025","May 23, 2026",1,3,POL000333,POL_ADMIN,POL000333,LOB004,,
POL_ADMIN,POL000334-HOM000151,"443 Maple Avenue, Madison, WI home assigned to replacement policy POL000334.","Dec 05, 2025","Dec 04, 2026",1,3,POL000334,POL_ADMIN,POL000334,LOB004,,
POL_ADMIN,POL000335-HOM000152,"499 Maple Avenue, Orlando, FL home assigned to replacement policy POL000335.","Dec 29, 2025","Dec 28, 2026",1,3,POL000335,POL_ADMIN,POL000335,LOB004,,
POL_ADMIN,POL000336-HOM000153,"737 Lakeview Drive, Saint Paul, MN home assigned to replacement policy POL000336.","Jul 12, 2026","Jul 11, 2027",1,3,POL000336,POL_ADMIN,POL000336,LOB004,,
POL_ADMIN,POL000337-HOM000154,"674 Cedar Lane, Norfolk, VA home assigned to replacement policy POL000337.","Jun 15, 2026","Jun 14, 2027",1,3,POL000337,POL_ADMIN,POL000337,LOB004,,
POL_ADMIN,POL000338-HOM000155,"912 Oak Street, Cincinnati, OH home assigned to replacement policy POL000338.","Dec 27, 2026","Dec 26, 2027",1,3,POL000338,POL_ADMIN,POL000338,LOB004,,
POL_ADMIN,POL000339-HOM000156,"968 Oak Street, Trenton, NJ home assigned to replacement policy POL000339.","Jan 20, 2027","Jan 19, 2028",1,3,POL000339,POL_ADMIN,POL000339,LOB004,,
POL_ADMIN,POL000340-HOM000157,"681 Lakeview Drive, Boulder, CO home assigned to replacement policy POL000340.","Jun 18, 2026","Jun 17, 2027",1,3,POL000340,POL_ADMIN,POL000340,LOB004,,
